id,first_name,last_name,email,gender,ip_address,country,age
1,Marcel,Sofe,msofe0@ftc.gov,Male,63.156.146.252,China,63
2,Sidney,Low,slow1@mediafire.com,Male,98.1.17.210,Macedonia,40
3,Ophelia,Marjot,omarjot2@mail.ru,Female,231.162.59.236,Luxembourg,67
4,Meade,Frary,mfrary3@dropbox.com,Male,75.141.39.230,Uganda,26
5,Corry,Stapford,cstapford4@reddit.com,Female,102.114.103.91,China,35
6,Gelya,Herkess,gherkess5@mediafire.com,Female,25.176.108.160,Russia,58
7,Ikey,Bagshawe,ibagshawe6@guardian.co.uk,Male,17.88.29.210,Poland,35
8,Beryle,Janecek,bjanecek7@google.pl,Female,30.174.168.226,Philippines,69
9,Adair,Bygreaves,abygreaves8@yale.edu,Male,120.4.202.113,Venezuela,24
10,Annette,Ferrea,aferrea9@list-manage.com,Female,57.215.59.224,China,11
11,Zacharias,Paddock,zpaddocka@miitbeian.gov.cn,Male,200.44.167.157,China,68
12,Hortensia,Harverson,hharversonb@so-net.ne.jp,Female,158.92.228.34,Vietnam,21
13,Xaviera,Largent,xlargentc@fc2.com,Female,15.152.168.108,Netherlands,55
14,Locke,Scogings,lscogingsd@example.com,Male,36.251.177.190,Albania,20
15,Karlen,Crennan,kcrennane@e-recht24.de,Female,124.72.157.219,Honduras,29
16,Allix,Hows,ahowsf@usda.gov,Female,24.174.34.52,Philippines,43
17,Halsy,Ingilson,hingilsong@independent.co.uk,Male,84.150.187.208,Argentina,42
18,Hunter,Silverman,hsilvermanh@howstuffworks.com,Male,15.217.10.34,Indonesia,52
19,Cathyleen,Saill,csailli@addtoany.com,Female,159.242.33.116,Poland,62
20,Katheryn,Pringell,kpringellj@pbs.org,Female,76.235.24.35,Poland,47
21,Quint,Chudleigh,qchudleighk@blogger.com,Male,43.149.186.247,Peru,26
22,Roanne,Codner,rcodnerl@ehow.com,Female,128.16.56.26,Japan,38
23,Fraze,Scogin,fscoginm@cnet.com,Male,32.67.54.189,Czech Republic,20
24,Donella,Krysztofowicz,dkrysztofowiczn@cloudflare.com,Female,27.100.167.76,Czech Republic,64
25,Rudolf,Bastick,rbasticko@ovh.net,Male,166.221.201.92,Indonesia,31
26,Early,Durtnal,edurtnalp@nytimes.com,Male,141.12.89.194,Malaysia,25
27,Almeta,Cregeen,acregeenq@slate.com,Female,179.37.12.100,Sri Lanka,16
28,Putnem,Mattiussi,pmattiussir@archive.org,Male,59.189.57.25,Denmark,42
29,Yardley,Benaine,ybenaines@mlb.com,Male,10.238.131.65,Czech Republic,61
30,Antonino,Batchan,abatchant@npr.org,Male,152.51.222.86,China,42
31,Tildi,Moorey,tmooreyu@huffingtonpost.com,Female,172.21.254.252,Nigeria,53
32,Niccolo,Lode,nlodev@bbc.co.uk,Male,235.200.121.196,Ghana,71
33,Rutherford,Deeny,rdeenyw@unc.edu,Male,122.206.14.123,China,62
34,Radcliffe,Jillis,rjillisx@senate.gov,Male,43.49.74.75,Sweden,63
35,Danette,Barmadier,dbarmadiery@clickbank.net,Female,168.244.19.43,China,66
36,Orv,Dalwood,odalwoodz@lulu.com,Male,164.27.39.216,Japan,34
37,Gallagher,Cicchitello,gcicchitello10@uol.com.br,Male,237.10.228.116,China,60
38,Thibaut,Morrant,tmorrant11@behance.net,Male,142.167.244.64,China,61
39,Jilleen,Petrowsky,jpetrowsky12@icq.com,Female,200.55.228.132,China,20
40,Marguerite,Tuison,mtuison13@privacy.gov.au,Female,176.160.111.198,Sweden,64
41,Rollie,Treat,rtreat14@pbs.org,Male,106.67.17.218,China,42
42,Nadine,Pyett,npyett15@istockphoto.com,Female,57.226.229.33,Azerbaijan,11
43,Ella,Tschursch,etschursch16@forbes.com,Female,74.194.24.56,France,64
44,Maud,Elwill,melwill17@businessweek.com,Female,195.104.231.211,Ecuador,78
45,Liza,Feild,lfeild18@mysql.com,Female,164.109.211.230,China,25
46,Merl,Laskey,mlaskey19@uiuc.edu,Female,217.131.80.235,Palestinian Territory,80
47,Melody,Bertouloume,mbertouloume1a@simplemachines.org,Female,28.238.155.219,Peru,47
48,Henri,Luna,hluna1b@cloudflare.com,Male,7.250.112.227,Mauritius,17
49,Jaquelin,Gask,jgask1c@uol.com.br,Female,242.68.74.133,Russia,42
50,Reynard,Raubenheimers,rraubenheimers1d@hubpages.com,Male,81.255.35.110,Bangladesh,10
51,Angelique,Galland,agalland1e@photobucket.com,Female,51.102.68.146,Honduras,28
52,Brad,Witcherley,bwitcherley1f@sbwire.com,Male,163.53.200.134,Malaysia,23
53,Ada,Biesinger,abiesinger1g@china.com.cn,Female,144.132.108.156,Angola,36
54,Alexei,Janous,ajanous1h@sina.com.cn,Male,112.17.147.208,China,58
55,Beale,Tumayan,btumayan1i@imgur.com,Male,21.251.137.27,Ukraine,57
56,Freeman,Hutt,fhutt1j@ted.com,Male,212.121.55.136,Poland,21
57,Kristopher,Darrigone,kdarrigone1k@nsw.gov.au,Male,9.139.11.114,Democratic Republic of the Congo,17
58,Danell,Marwood,dmarwood1l@deliciousdays.com,Female,255.87.103.144,Sweden,33
59,Teddy,Fowler,tfowler1m@icio.us,Female,204.69.12.115,Thailand,41
60,Lisbeth,Axleby,laxleby1n@fda.gov,Female,13.229.238.196,Russia,35
61,Tess,Duffyn,tduffyn1o@usda.gov,Female,243.60.148.236,Portugal,67
62,Halley,Tomblings,htomblings1p@slate.com,Female,161.93.202.17,Chile,64
63,Cthrine,Klausen,cklausen1q@house.gov,Female,225.158.10.216,Greece,72
64,Hobard,Chittim,hchittim1r@unblog.fr,Male,80.204.106.140,Tunisia,53
65,Averell,Ennever,aennever1s@deviantart.com,Male,138.118.66.208,Peru,42
66,Roderich,Loffill,rloffill1t@webs.com,Male,231.84.98.252,United States,39
67,Marylou,Ritmeyer,mritmeyer1u@woothemes.com,Female,217.21.213.116,Mexico,78
68,Morena,Loomis,mloomis1v@constantcontact.com,Female,46.199.195.41,Japan,58
69,Livvie,Jeenes,ljeenes1w@meetup.com,Female,189.155.8.4,Philippines,73
70,Pierson,Creighton,pcreighton1x@ovh.net,Male,0.198.225.49,Zimbabwe,44
71,Gregor,Crilly,gcrilly1y@usa.gov,Male,123.125.203.55,China,26
72,Katharyn,Jordison,kjordison1z@wufoo.com,Female,209.147.177.73,Bulgaria,40
73,Ashton,McGuffie,amcguffie20@boston.com,Male,89.114.101.167,Iraq,70
74,Betsy,McEachern,bmceachern21@umn.edu,Female,95.87.207.119,Indonesia,17
75,Felice,Degoy,fdegoy22@epa.gov,Female,176.237.24.205,Greece,24
76,Annadiana,Lansdown,alansdown23@is.gd,Female,66.255.159.37,Cameroon,64
77,Panchito,Yeomans,pyeomans24@taobao.com,Male,175.206.246.28,Indonesia,18
78,Craig,Soot,csoot25@abc.net.au,Male,148.117.161.174,Gambia,78
79,Winni,Elsmor,welsmor26@aboutads.info,Female,187.241.18.213,China,77
80,Allix,Creedland,acreedland27@indiatimes.com,Female,178.15.138.159,Indonesia,63
81,Christie,Lambertson,clambertson28@who.int,Male,50.52.46.237,Poland,31
82,Cash,Butter,cbutter29@vistaprint.com,Male,67.212.105.245,Chad,17
83,Jameson,Foyster,jfoyster2a@miitbeian.gov.cn,Male,125.47.216.38,Greece,54
84,Ada,Wharin,awharin2b@w3.org,Female,119.230.79.16,South Korea,54
85,Alena,MacAless,amacaless2c@washington.edu,Female,247.55.121.187,China,25
86,Winifred,Haestier,whaestier2d@jimdo.com,Female,63.209.214.47,Poland,54
87,Morie,List,mlist2e@pcworld.com,Male,242.212.67.185,China,67
88,Bernete,Sawday,bsawday2f@twitpic.com,Female,78.114.105.214,Ukraine,27
89,Tremain,Kempster,tkempster2g@prnewswire.com,Male,181.142.239.159,Iran,49
90,Viole,Danilchenko,vdanilchenko2h@rambler.ru,Female,187.141.36.243,Sweden,15
91,Norbert,Lusted,nlusted2i@exblog.jp,Male,86.208.169.112,Ukraine,30
92,Gerome,Freiburger,gfreiburger2j@house.gov,Male,84.89.160.59,China,44
93,Julio,Goede,jgoede2k@vimeo.com,Male,226.196.129.123,Philippines,40
94,Amargo,O'Mailey,aomailey2l@oracle.com,Female,178.231.36.226,Russia,69
95,Lothario,Bodham,lbodham2m@hugedomains.com,Male,67.175.48.242,Indonesia,46
96,Scotty,Dedam,sdedam2n@cnbc.com,Male,173.104.176.230,Nigeria,69
97,Aliza,Shillan,ashillan2o@redcross.org,Female,67.117.126.239,China,76
98,Sharl,Mingey,smingey2p@usatoday.com,Female,31.139.228.139,Portugal,17
99,Rhianon,Coulsen,rcoulsen2q@lulu.com,Female,234.99.76.233,Thailand,12
100,Ortensia,Jarad,ojarad2r@nifty.com,Female,16.202.172.127,Russia,80
101,Titus,Jekel,tjekel2s@edublogs.org,Male,76.61.68.11,Ukraine,24
102,Kerstin,Matteuzzi,kmatteuzzi2t@japanpost.jp,Female,144.100.237.110,Belarus,54
103,Josephina,Leppingwell,jleppingwell2u@so-net.ne.jp,Female,157.232.52.234,Nigeria,27
104,Elroy,Harpur,eharpur2v@phpbb.com,Male,105.181.124.47,Indonesia,68
105,Garth,Lyle,glyle2w@csmonitor.com,Male,207.202.250.194,United States,78
106,Papageno,Risdall,prisdall2x@dion.ne.jp,Male,31.178.113.213,Portugal,35
107,Zacherie,Torrijos,ztorrijos2y@cyberchimps.com,Male,62.166.179.230,Madagascar,47
108,Benjie,Vannini,bvannini2z@free.fr,Male,8.189.219.225,Indonesia,75
109,Lorri,Hemms,lhemms30@youtu.be,Female,140.19.243.51,France,36
110,Barnie,Chittleburgh,bchittleburgh31@quantcast.com,Male,50.202.148.29,Nigeria,20
111,Sumner,Hanssmann,shanssmann32@123-reg.co.uk,Male,44.110.149.159,Philippines,10
112,Christoph,Cramp,ccramp33@w3.org,Male,79.138.8.37,France,33
113,Brittaney,deKnevet,bdeknevet34@nifty.com,Female,34.105.232.133,Indonesia,53
114,Mayne,Cranage,mcranage35@newyorker.com,Male,109.177.226.144,Belgium,56
115,Wilmer,MacScherie,wmacscherie36@yahoo.co.jp,Male,244.4.204.51,Laos,37
116,Guilbert,Cundey,gcundey37@alibaba.com,Male,198.64.2.208,Philippines,22
117,Elna,Vernalls,evernalls38@taobao.com,Female,235.197.26.29,France,61
118,Una,Ballentime,uballentime39@a8.net,Female,245.217.209.73,Belarus,53
119,Margette,Kennally,mkennally3a@dropbox.com,Female,214.198.27.9,China,77
120,Brock,Audrey,baudrey3b@un.org,Male,76.1.166.208,Indonesia,45
121,Sandi,Sharrocks,ssharrocks3c@merriam-webster.com,Female,195.207.198.128,Canada,18
122,Richart,Murra,rmurra3d@lycos.com,Male,101.254.170.109,Indonesia,20
123,Bette,Short,bshort3e@opensource.org,Female,67.167.248.202,Mexico,21
124,Gwenneth,Fontenot,gfontenot3f@phpbb.com,Female,68.128.151.211,Argentina,16
125,Dun,Probetts,dprobetts3g@fc2.com,Male,243.255.37.121,Palestinian Territory,42
126,Errick,Eastment,eeastment3h@mapquest.com,Male,218.6.99.79,China,76
127,Hallsy,Seres,hseres3i@discuz.net,Male,211.23.108.163,China,40
128,Chancey,Gromley,cgromley3j@seesaa.net,Male,187.56.254.103,Serbia,50
129,Leticia,Vidler,lvidler3k@ovh.net,Female,69.141.1.170,Nigeria,17
130,Agosto,Alpes,aalpes3l@unc.edu,Male,63.253.233.15,Philippines,80
131,Boycey,Galilee,bgalilee3m@deviantart.com,Male,176.186.250.117,Indonesia,16
132,Gerick,Broadist,gbroadist3n@bing.com,Male,187.36.13.25,Malawi,28
133,Zarla,Bastable,zbastable3o@miitbeian.gov.cn,Female,243.28.184.145,Peru,37
134,Bernette,Biffen,bbiffen3p@gravatar.com,Female,115.56.128.61,Ethiopia,45
135,Sharai,Hulburt,shulburt3q@scribd.com,Female,252.109.129.228,China,55
136,Ab,Ondrousek,aondrousek3r@goo.ne.jp,Male,5.230.22.212,Indonesia,33
137,Kaitlyn,de Chastelain,kdechastelain3s@ted.com,Female,200.200.196.208,Serbia,23
138,Ardith,Costanza,acostanza3t@1688.com,Female,233.92.50.69,Afghanistan,41
139,Willard,Mattis,wmattis3u@mapquest.com,Male,153.150.19.51,Poland,18
140,Mata,McMenemy,mmcmenemy3v@google.com.br,Male,129.102.61.191,Ukraine,45
141,Kele,Hirjak,khirjak3w@aboutads.info,Male,186.186.84.237,Finland,19
142,Clark,Warboys,cwarboys3x@tinypic.com,Male,56.51.100.163,Panama,22
143,Nolie,Hasser,nhasser3y@soup.io,Female,86.84.0.126,China,25
144,Sandor,Camings,scamings3z@webmd.com,Male,53.47.62.206,China,10
145,Shep,Brushneen,sbrushneen40@qq.com,Male,30.220.33.251,Brazil,31
146,Katlin,Ainscow,kainscow41@ucoz.ru,Female,125.63.51.71,China,18
147,Jereme,Pelzer,jpelzer42@php.net,Male,209.60.242.53,Armenia,71
148,Caleb,Struis,cstruis43@utexas.edu,Male,143.46.222.2,Russia,38
149,Zorana,Espie,zespie44@chron.com,Female,66.58.150.53,China,77
150,Janessa,Dunstan,jdunstan45@google.com.br,Female,7.6.187.151,Japan,32
151,Ellerey,Jorn,ejorn46@sfgate.com,Male,32.208.209.220,Peru,69
152,Annalee,Sherme,asherme47@slate.com,Female,78.217.198.72,Japan,11
153,Emile,Sallan,esallan48@pinterest.com,Male,16.125.236.233,China,79
154,Zena,Iglesiaz,ziglesiaz49@quantcast.com,Female,202.207.112.226,Indonesia,14
155,Marieann,Eul,meul4a@cocolog-nifty.com,Female,245.140.163.160,France,29
156,Nita,Kirkwood,nkirkwood4b@wisc.edu,Female,103.91.28.166,China,68
157,Shaine,Ivimy,sivimy4c@ucoz.ru,Male,155.164.188.179,Democratic Republic of the Congo,42
158,Kelby,Rookesby,krookesby4d@tumblr.com,Male,80.142.225.91,Russia,25
159,Edin,Mutlow,emutlow4e@yelp.com,Female,5.123.114.201,China,19
160,Ram,Heathorn,rheathorn4f@woothemes.com,Male,28.96.130.92,China,11
161,Xymenes,Armit,xarmit4g@webmd.com,Male,155.238.63.111,China,27
162,Marlee,Ferrari,mferrari4h@ow.ly,Female,161.146.99.17,Nigeria,18
163,Walton,Dalton,wdalton4i@squarespace.com,Male,45.254.244.78,China,17
164,Bastien,Saunders,bsaunders4j@altervista.org,Male,42.198.105.152,United States,51
165,Leia,Burney,lburney4k@yahoo.co.jp,Female,61.136.234.143,France,64
166,Olivia,Farr,ofarr4l@ucsd.edu,Female,1.189.168.162,China,34
167,Humfried,Gutowska,hgutowska4m@hc360.com,Male,180.38.161.71,Central African Republic,22
168,Virgilio,Hubball,vhubball4n@weibo.com,Male,27.84.138.253,Lithuania,34
169,Ray,Linger,rlinger4o@meetup.com,Male,254.240.232.189,China,75
170,Chicky,Donaher,cdonaher4p@squarespace.com,Male,218.216.188.136,Brazil,72
171,Dallis,Tschursch,dtschursch4q@howstuffworks.com,Male,72.74.189.166,Poland,41
172,Katya,Denzilow,kdenzilow4r@flickr.com,Female,232.225.80.27,Bosnia and Herzegovina,49
173,Eugen,Buckthought,ebuckthought4s@huffingtonpost.com,Male,163.64.246.71,Slovenia,79
174,Sutherlan,Palmer,spalmer4t@yellowbook.com,Male,32.213.133.175,Indonesia,42
175,Ollie,Gettins,ogettins4u@google.pl,Female,87.53.232.87,China,40
176,Shel,Oates,soates4v@ed.gov,Female,238.22.174.173,Russia,75
177,Woodrow,McKellar,wmckellar4w@homestead.com,Male,235.180.158.24,Ireland,44
178,Gabey,Bernardotte,gbernardotte4x@elpais.com,Female,243.150.242.186,Poland,52
179,Pansy,Studart,pstudart4y@devhub.com,Female,21.123.194.0,Portugal,28
180,Jewell,Lavers,jlavers4z@stanford.edu,Female,42.190.54.68,China,64
181,Lusa,Leverette,lleverette50@economist.com,Female,220.245.8.64,Indonesia,22
182,Lanita,Munn,lmunn51@usgs.gov,Female,3.218.180.26,United States,73
183,Tally,Frankton,tfrankton52@gnu.org,Female,102.1.90.61,Russia,24
184,Trumaine,Bohlje,tbohlje53@pbs.org,Male,143.18.160.62,Brazil,28
185,Ketti,Robardey,krobardey54@shareasale.com,Female,213.82.255.141,China,72
186,Regen,Bawdon,rbawdon55@harvard.edu,Male,35.174.90.186,Indonesia,77
187,Israel,Horsfield,ihorsfield56@lycos.com,Male,232.56.213.95,Sri Lanka,66
188,Darby,McFie,dmcfie57@google.com.hk,Female,160.228.87.85,Mexico,25
189,Marrissa,Darbishire,mdarbishire58@patch.com,Female,158.168.50.146,Ukraine,54
190,Marysa,Morales,mmorales59@mysql.com,Female,90.89.199.81,Russia,47
191,Nelson,Runcie,nruncie5a@huffingtonpost.com,Male,4.53.101.176,Sweden,10
192,Carling,Kiljan,ckiljan5b@economist.com,Male,127.6.139.88,Japan,14
193,Ilse,Smeuin,ismeuin5c@yahoo.com,Female,29.110.233.133,Central African Republic,37
194,Oby,Jablonski,ojablonski5d@pbs.org,Male,17.129.211.6,Russia,66
195,Arlee,O'Dee,aodee5e@people.com.cn,Female,246.195.204.87,China,25
196,Tristam,Osipenko,tosipenko5f@sciencedaily.com,Male,166.184.70.162,Luxembourg,62
197,Hewett,Downton,hdownton5g@yahoo.co.jp,Male,8.126.0.192,Czech Republic,36
198,Idalina,Mounce,imounce5h@usda.gov,Female,54.162.159.224,Cuba,24
199,Trisha,Kemmet,tkemmet5i@trellian.com,Female,110.79.21.114,Indonesia,78
200,Cleon,Bresland,cbresland5j@virginia.edu,Male,186.227.128.238,Poland,48
201,Tamas,Magenny,tmagenny5k@prweb.com,Male,75.248.132.48,Ireland,77
202,Pat,Osmant,posmant5l@discuz.net,Female,193.71.4.201,Iran,80
203,Clemmy,Bernath,cbernath5m@state.gov,Female,11.236.207.30,Indonesia,71
204,Brita,Downer,bdowner5n@intel.com,Female,19.144.34.134,Russia,58
205,Raul,Satterthwaite,rsatterthwaite5o@bandcamp.com,Male,249.87.121.132,Ecuador,49
206,Pascale,Umpleby,pumpleby5p@dyndns.org,Male,20.6.213.142,Uruguay,26
207,Jaine,Beach,jbeach5q@marriott.com,Female,78.250.247.213,Palestinian Territory,47
208,Mozes,Breache,mbreache5r@sitemeter.com,Male,89.58.132.30,China,75
209,Sallee,Wride,swride5s@webnode.com,Female,92.67.129.157,Indonesia,48
210,Roberto,Chopping,rchopping5t@w3.org,Male,30.223.138.75,Nigeria,75
211,Noam,Goodbairn,ngoodbairn5u@twitter.com,Male,6.33.213.98,Russia,65
212,Randolph,Gemlbett,rgemlbett5v@samsung.com,Male,245.171.132.130,Russia,54
213,Maurizio,Guillain,mguillain5w@disqus.com,Male,194.12.193.100,Indonesia,63
214,Modestia,Harbin,mharbin5x@time.com,Female,244.101.192.192,France,68
215,Herold,Illes,hilles5y@cornell.edu,Male,245.25.119.227,Brazil,74
216,Inez,Drysdell,idrysdell5z@epa.gov,Female,61.103.148.45,Brazil,59
217,Pet,Bryan,pbryan60@chronoengine.com,Female,163.246.77.37,Sweden,60
218,Aubert,Steggles,asteggles61@google.pl,Male,93.244.178.51,Philippines,31
219,Robby,Gudgion,rgudgion62@dailymail.co.uk,Female,231.28.88.188,Latvia,51
220,Verena,Gage,vgage63@wunderground.com,Female,181.124.19.2,Peru,50
221,Marion,Stemp,mstemp64@cornell.edu,Male,172.36.209.200,Uganda,56
222,Elroy,Pearsall,epearsall65@360.cn,Male,171.69.61.18,China,35
223,Lucina,Painten,lpainten66@walmart.com,Female,80.118.64.220,Russia,39
224,Kellina,Kick,kkick67@cnet.com,Female,73.204.193.28,Cambodia,16
225,Amelia,Bartlomiejczyk,abartlomiejczyk68@walmart.com,Female,201.56.9.23,Canada,12
226,Nixie,Upfold,nupfold69@upenn.edu,Female,123.128.20.55,China,12
227,Freddie,Sesser,fsesser6a@un.org,Male,107.251.30.49,China,18
228,Reinaldo,Mourge,rmourge6b@google.com.au,Male,230.121.79.214,Myanmar,77
229,Lindie,Karleman,lkarleman6c@taobao.com,Female,66.4.66.111,China,44
230,Alberik,Dingwall,adingwall6d@oaic.gov.au,Male,52.183.145.123,Portugal,60
231,Emmalee,Hynes,ehynes6e@whitehouse.gov,Female,180.159.151.61,Russia,63
232,Egbert,Gages,egages6f@theatlantic.com,Male,246.138.67.52,China,70
233,Heath,Bosch,hbosch6g@wiley.com,Female,164.230.253.37,Portugal,26
234,Leisha,Faill,lfaill6h@globo.com,Female,106.223.42.85,Ukraine,10
235,Katlin,Eastway,keastway6i@posterous.com,Female,110.32.57.216,China,50
236,Nobe,Ewell,newell6j@1und1.de,Male,24.0.209.41,Guatemala,40
237,Milicent,McCorley,mmccorley6k@free.fr,Female,115.184.144.24,Brazil,60
238,Adria,Lys,alys6l@wunderground.com,Female,242.136.76.233,Mongolia,21
239,Walther,Ovens,wovens6m@seattletimes.com,Male,68.175.204.163,South Korea,31
240,Iormina,Yuill,iyuill6n@altervista.org,Female,224.39.86.202,China,19
241,Neall,Kix,nkix6o@mozilla.org,Male,122.114.64.110,Russia,39
242,Malissia,Godbold,mgodbold6p@joomla.org,Female,210.179.76.222,Philippines,80
243,Sergeant,De Filippis,sdefilippis6q@apache.org,Male,240.35.68.219,Brazil,11
244,Lona,Kamen,lkamen6r@japanpost.jp,Female,67.131.97.5,Portugal,38
245,Malcolm,Azam,mazam6s@yellowpages.com,Male,169.3.97.100,Indonesia,46
246,Clem,Dorward,cdorward6t@oakley.com,Male,24.182.49.2,Sweden,77
247,Urbanus,Balaison,ubalaison6u@nyu.edu,Male,135.200.246.26,China,13
248,Kassi,Beddis,kbeddis6v@a8.net,Female,173.244.116.151,Portugal,49
249,Daron,Bradforth,dbradforth6w@nyu.edu,Male,49.230.12.234,Chile,14
250,Annice,Seedull,aseedull6x@people.com.cn,Female,184.166.193.200,Philippines,75
251,Ilario,Fayter,ifayter6y@ed.gov,Male,182.13.125.8,China,41
252,Lauree,Wooffitt,lwooffitt6z@vk.com,Female,69.8.102.149,Poland,76
253,Chancey,Milch,cmilch70@yellowpages.com,Male,195.15.206.88,Indonesia,76
254,Claudina,Scorey,cscorey71@theguardian.com,Female,126.52.102.115,Peru,16
255,Thor,Lambal,tlambal72@shinystat.com,Male,5.149.118.104,Sweden,15
256,Davin,Le Count,dlecount73@dropbox.com,Male,185.143.159.177,Russia,50
257,Obie,Kilfeather,okilfeather74@elegantthemes.com,Male,49.86.37.146,Indonesia,41
258,Winfred,Demke,wdemke75@discovery.com,Male,81.164.150.17,China,50
259,Filberte,Zoane,fzoane76@123-reg.co.uk,Male,28.244.10.26,Brazil,60
260,Chariot,Bernardinelli,cbernardinelli77@feedburner.com,Male,188.238.22.76,Japan,47
261,Hillery,Wolfit,hwolfit78@blogs.com,Male,228.161.178.192,Greece,68
262,Aurora,Kingswood,akingswood79@wsj.com,Female,35.212.174.74,Poland,61
263,Ellary,Cuell,ecuell7a@pcworld.com,Male,249.180.152.205,New Zealand,58
264,Domingo,McHarry,dmcharry7b@foxnews.com,Male,211.25.69.234,Philippines,51
265,Emmanuel,Maylour,emaylour7c@cafepress.com,Male,87.136.90.58,Brazil,75
266,Ashley,Szwandt,aszwandt7d@usda.gov,Male,1.159.191.99,Indonesia,18
267,Lyssa,Churches,lchurches7e@admin.ch,Female,62.238.55.174,Greece,52
268,Florrie,Wickey,fwickey7f@mlb.com,Female,7.244.62.130,Indonesia,53
269,Nanice,Yesichev,nyesichev7g@harvard.edu,Female,118.219.199.160,France,14
270,Shirley,Colloby,scolloby7h@usa.gov,Female,79.166.55.30,Indonesia,38
271,Jacquenetta,Brokenshaw,jbrokenshaw7i@mysql.com,Female,150.50.104.168,China,12
272,Olly,Elderfield,oelderfield7j@elegantthemes.com,Male,99.151.117.128,Greece,76
273,Aubrey,O'Glassane,aoglassane7k@ed.gov,Male,0.156.235.106,Pakistan,12
274,Tracie,Leming,tleming7l@netscape.com,Female,113.196.209.138,Indonesia,59
275,Erminia,Dominiak,edominiak7m@stumbleupon.com,Female,239.164.4.101,Spain,48
276,Weber,Legendre,wlegendre7n@homestead.com,Male,81.85.31.120,Philippines,56
277,Brand,Baudassi,bbaudassi7o@mediafire.com,Male,247.151.85.58,Honduras,76
278,Vilhelmina,Muckloe,vmuckloe7p@rakuten.co.jp,Female,237.192.183.142,China,40
279,Natale,Archbold,narchbold7q@wisc.edu,Male,168.43.245.115,China,19
280,Ulla,Ayllett,uayllett7r@yolasite.com,Female,198.220.27.185,China,34
281,Bondy,Hammerson,bhammerson7s@github.com,Male,16.178.21.90,Dominican Republic,15
282,Meryl,Nodin,mnodin7t@uiuc.edu,Female,166.161.88.58,Zambia,33
283,Marcy,Hurleston,mhurleston7u@yolasite.com,Female,183.199.209.131,Philippines,55
284,Putnem,Hamper,phamper7v@homestead.com,Male,44.160.110.162,Portugal,25
285,Brose,Pogue,bpogue7w@joomla.org,Male,31.25.249.239,Luxembourg,39
286,Pierre,Dzenisenka,pdzenisenka7x@ftc.gov,Male,96.85.88.153,China,75
287,Orazio,Lotwich,olotwich7y@smh.com.au,Male,226.132.212.166,China,23
288,Jeremy,Taaffe,jtaaffe7z@ucoz.com,Male,5.251.40.185,Argentina,74
289,Gilbertina,Kruger,gkruger80@jugem.jp,Female,29.113.118.9,Somalia,27
290,Hatty,Somerlie,hsomerlie81@earthlink.net,Female,135.52.150.113,Tunisia,79
291,Powell,Hilling,philling82@ycombinator.com,Male,158.174.149.21,Ukraine,19
292,Libbi,Wallis,lwallis83@symantec.com,Female,28.119.230.225,Nigeria,50
293,Ogdan,Duddell,oduddell84@geocities.jp,Male,216.62.41.138,New Caledonia,35
294,Thibaut,De Cleyne,tdecleyne85@usda.gov,Male,159.202.221.195,China,66
295,Minta,Deason,mdeason86@gizmodo.com,Female,107.135.76.185,Indonesia,51
296,Spense,Ingley,singley87@pbs.org,Male,17.246.78.175,Syria,49
297,Jonathan,Clemenzo,jclemenzo88@hatena.ne.jp,Male,191.148.152.209,Brazil,42
298,Noam,Kibblewhite,nkibblewhite89@csmonitor.com,Male,76.252.55.121,Vietnam,11
299,Julius,Bennie,jbennie8a@a8.net,Male,159.184.178.181,Philippines,33
300,Roi,Rangle,rrangle8b@newyorker.com,Male,221.216.7.173,Japan,55
301,Shurwood,Dunlap,sdunlap8c@devhub.com,Male,147.9.152.184,Mexico,67
302,Mar,Yashin,myashin8d@cocolog-nifty.com,Male,89.202.49.185,Poland,17
303,Luis,Belz,lbelz8e@arizona.edu,Male,238.214.43.250,China,30
304,Donal,Pendrick,dpendrick8f@ted.com,Male,250.42.181.29,China,67
305,Elenore,Dugdale,edugdale8g@prnewswire.com,Female,144.216.187.212,Czech Republic,35
306,Pam,Carden,pcarden8h@xinhuanet.com,Female,232.35.163.168,Russia,57
307,Pernell,Darrel,pdarrel8i@deliciousdays.com,Male,122.7.156.221,China,44
308,Kayne,Salmon,ksalmon8j@hp.com,Male,125.177.145.246,Indonesia,25
309,Munroe,Tomasi,mtomasi8k@senate.gov,Male,71.210.212.157,Norway,17
310,Gloriana,Nassau,gnassau8l@oakley.com,Female,230.98.209.213,Denmark,14
311,Lanae,Halfhide,lhalfhide8m@sciencedaily.com,Female,170.216.241.166,Palestinian Territory,54
312,Felice,Flowers,fflowers8n@example.com,Female,23.161.194.68,Argentina,38
313,Udall,Jeyes,ujeyes8o@sun.com,Male,4.27.14.114,Finland,49
314,Petronella,Rosenbarg,prosenbarg8p@nifty.com,Female,92.196.92.212,Philippines,21
315,Sharona,Arcase,sarcase8q@topsy.com,Female,187.201.251.34,United Kingdom,30
316,Marnie,Freckelton,mfreckelton8r@booking.com,Female,90.137.71.50,Philippines,77
317,Krispin,Peegrem,kpeegrem8s@un.org,Male,32.154.145.15,Philippines,11
318,Moses,Gasparro,mgasparro8t@ebay.com,Male,193.139.90.160,Serbia,45
319,Rutger,Foxcroft,rfoxcroft8u@engadget.com,Male,131.111.195.244,China,36
320,Earlie,Dugall,edugall8v@cocolog-nifty.com,Male,169.68.110.122,China,43
321,Saxe,Wrack,swrack8w@rediff.com,Male,156.203.166.212,Portugal,77
322,Huberto,Jaimez,hjaimez8x@cisco.com,Male,239.220.244.178,Poland,46
323,Gav,Hofton,ghofton8y@mediafire.com,Male,17.253.6.242,China,32
324,Lynette,Yate,lyate8z@apache.org,Female,201.180.235.251,Kazakhstan,43
325,Martelle,O'Henecan,mohenecan90@mac.com,Female,142.175.89.102,Albania,37
326,Becka,Asel,basel91@tuttocitta.it,Female,161.87.76.209,Sweden,53
327,Cora,Sarginson,csarginson92@house.gov,Female,74.61.131.70,United States,65
328,Aubree,Humpherston,ahumpherston93@youtu.be,Female,240.222.35.102,Saudi Arabia,10
329,Emmy,Angier,eangier94@salon.com,Female,172.70.125.70,French Polynesia,63
330,Pamela,Wakeman,pwakeman95@skyrock.com,Female,52.149.234.92,South Africa,33
331,Peirce,Longhorne,plonghorne96@wix.com,Male,99.102.40.173,Brazil,47
332,Thurstan,De Lorenzo,tdelorenzo97@miibeian.gov.cn,Male,75.23.133.111,Argentina,72
333,Clemens,Dust,cdust98@google.com.hk,Male,145.92.3.242,Japan,24
334,Lynette,Tinniswood,ltinniswood99@github.com,Female,161.91.127.63,France,60
335,Irvin,Paxforde,ipaxforde9a@dropbox.com,Male,97.207.216.192,Indonesia,45
336,Patin,Gudge,pgudge9b@dailymail.co.uk,Male,167.178.183.240,Russia,44
337,Diena,Izkovitz,dizkovitz9c@latimes.com,Female,60.182.119.219,Germany,23
338,Ransom,List,rlist9d@illinois.edu,Male,1.185.3.2,Portugal,18
339,Ban,O'Giany,bogiany9e@live.com,Male,242.30.159.130,Colombia,69
340,Zolly,Cough,zcough9f@comcast.net,Male,162.52.101.59,South Korea,58
341,Berne,Buddock,bbuddock9g@sun.com,Male,171.238.76.125,China,48
342,Edythe,Leggitt,eleggitt9h@ucsd.edu,Female,89.193.136.18,Indonesia,17
343,Chan,Harbert,charbert9i@altervista.org,Male,194.80.18.73,United Kingdom,56
344,Padraic,Guppey,pguppey9j@shinystat.com,Male,214.152.254.74,United States,75
345,Chic,Mushawe,cmushawe9k@smugmug.com,Male,242.151.27.158,Japan,32
346,Lucho,Teresse,lteresse9l@sphinn.com,Male,225.44.157.47,Finland,80
347,Bobbi,Van den Hof,bvandenhof9m@gnu.org,Female,57.52.95.232,Thailand,40
348,Silvester,Barwise,sbarwise9n@nhs.uk,Male,232.181.164.165,Brazil,23
349,Davis,Varian,dvarian9o@youtube.com,Male,139.157.98.101,Bulgaria,45
350,Tabby,Hurdedge,thurdedge9p@scientificamerican.com,Female,134.78.38.185,Philippines,11
351,Adrianna,Wederell,awederell9q@cornell.edu,Female,230.37.33.126,China,17
352,Shanan,Aubray,saubray9r@ibm.com,Male,123.37.22.1,United States,58
353,Rollie,Scibsey,rscibsey9s@google.fr,Male,246.85.7.189,Namibia,43
354,Xever,Keeping,xkeeping9t@merriam-webster.com,Male,122.59.45.13,Macedonia,30
355,Emilie,Poltone,epoltone9u@deliciousdays.com,Female,30.124.69.170,Colombia,52
356,Flori,Aizikovitz,faizikovitz9v@mail.ru,Female,4.130.27.144,Panama,21
357,Melloney,Binnie,mbinnie9w@elpais.com,Female,111.35.32.116,Netherlands,51
358,Hans,Siney,hsiney9x@goo.ne.jp,Male,195.192.65.131,Ireland,19
359,Rubina,Worsalls,rworsalls9y@behance.net,Female,139.146.10.210,Indonesia,17
360,Wynn,Gussin,wgussin9z@ameblo.jp,Female,103.183.230.75,Thailand,13
361,Bernardina,Di Francecshi,bdifrancecshia0@yale.edu,Female,219.23.244.246,France,25
362,Hayley,Glazzard,hglazzarda1@wsj.com,Female,5.135.139.9,China,80
363,Jean,Della Scala,jdellascalaa2@nps.gov,Female,62.109.116.139,China,14
364,Des,Vellacott,dvellacotta3@nyu.edu,Male,47.65.159.197,Namibia,55
365,Arielle,Snalham,asnalhama4@google.co.jp,Female,94.218.39.148,China,26
366,Chad,Halfacre,chalfacrea5@acquirethisname.com,Female,162.94.217.66,South Africa,63
367,Cordy,Burley,cburleya6@answers.com,Male,24.67.219.22,France,31
368,Jameson,Lyness,jlynessa7@apple.com,Male,67.238.194.245,Indonesia,68
369,Fayre,Burry,fburrya8@usa.gov,Female,173.104.192.194,Vietnam,58
370,Cordy,Fortnum,cfortnuma9@meetup.com,Male,174.35.6.110,Indonesia,63
371,Bill,Iglesias,biglesiasaa@youtube.com,Female,42.25.68.219,China,14
372,Wyatt,Rauprich,wrauprichab@myspace.com,Male,21.25.20.196,Germany,40
373,Sheri,Mithan,smithanac@java.com,Female,218.19.151.212,South Korea,54
374,Eli,Lennarde,elennardead@hibu.com,Male,129.36.191.118,Syria,66
375,Zandra,Kopf,zkopfae@narod.ru,Female,166.221.171.106,Brazil,76
376,Ceil,Bozier,cbozieraf@uiuc.edu,Female,127.179.242.216,Indonesia,14
377,Wilmar,Gudger,wgudgerag@webnode.com,Male,152.85.203.223,Canada,37
378,Johnny,Akers,jakersah@indiatimes.com,Male,51.242.60.203,Czech Republic,10
379,Caroline,Upstell,cupstellai@bloglovin.com,Female,91.209.186.185,South Africa,73
380,Ario,Osgood,aosgoodaj@ehow.com,Male,175.135.200.51,China,43
381,Weber,Lendrem,wlendremak@skype.com,Male,18.78.247.173,Russia,29
382,Claiborn,Arnholtz,carnholtzal@gov.uk,Male,69.6.252.18,Philippines,32
383,Francoise,Geekin,fgeekinam@google.nl,Female,186.213.84.238,Kosovo,51
384,Nerty,Imlach,nimlachan@amazon.co.uk,Female,8.156.196.34,Portugal,68
385,Franchot,Stourton,fstourtonao@cbc.ca,Male,119.179.196.234,Thailand,41
386,Mozes,Tann,mtannap@amazon.de,Male,184.102.84.212,Poland,21
387,Marcia,Manuelli,mmanuelliaq@cnbc.com,Female,222.233.130.229,Russia,57
388,Noami,Dingate,ndingatear@toplist.cz,Female,241.229.178.106,Argentina,62
389,Juliane,Gut,jgutas@eepurl.com,Female,228.61.243.156,Pakistan,29
390,Hyacintha,Fisbburne,hfisbburneat@weather.com,Female,113.205.250.71,Democratic Republic of the Congo,34
391,Constantine,Goodchild,cgoodchildau@gmpg.org,Male,69.221.96.232,Ethiopia,12
392,Wally,Fossey,wfosseyav@yellowpages.com,Female,101.185.106.219,Philippines,14
393,Barbra,Origan,boriganaw@plala.or.jp,Female,77.22.114.250,Canada,63
394,Nelli,Pennycook,npennycookax@hibu.com,Female,36.198.102.238,Indonesia,49
395,Levy,Antrag,lantragay@nba.com,Male,42.48.193.222,Costa Rica,36
396,Ailene,Reinard,areinardaz@arstechnica.com,Female,168.110.241.224,China,52
397,Adelheid,Vearncombe,avearncombeb0@smugmug.com,Female,240.50.234.196,Mauritania,54
398,Josias,Sims,jsimsb1@barnesandnoble.com,Male,178.178.112.233,Indonesia,74
399,Carver,Woolens,cwoolensb2@imageshack.us,Male,105.169.106.120,Russia,68
400,Dinny,Bellfield,dbellfieldb3@boston.com,Female,149.204.47.212,Nicaragua,42
401,Stuart,Brumen,sbrumenb4@imageshack.us,Male,5.154.187.148,Sudan,26
402,Berk,Gypps,bgyppsb5@skyrock.com,Male,113.141.205.27,Philippines,16
403,Angie,Farnan,afarnanb6@domainmarket.com,Female,103.245.58.48,Venezuela,56
404,Jo-anne,Kinforth,jkinforthb7@barnesandnoble.com,Female,26.206.113.238,Guatemala,64
405,Jasmin,McCraine,jmccraineb8@sogou.com,Female,224.170.4.118,Portugal,11
406,Frankie,Burditt,fburdittb9@twitpic.com,Male,216.220.201.17,China,43
407,Cedric,Neasham,cneashamba@google.pl,Male,52.158.133.145,Indonesia,20
408,Kingsley,Espinheira,kespinheirabb@feedburner.com,Male,213.240.158.97,Russia,74
409,Goldy,Heggman,gheggmanbc@360.cn,Female,141.138.230.10,France,12
410,Verla,Kettell,vkettellbd@opensource.org,Female,142.227.23.161,Sweden,42
411,Desmund,Cowe,dcowebe@chron.com,Male,117.20.176.96,Indonesia,12
412,Uriah,Hovington,uhovingtonbf@sbwire.com,Male,240.59.155.100,Burundi,26
413,Ikey,Frift,ifriftbg@google.it,Male,122.166.133.111,Indonesia,75
414,Gisela,Dunrige,gdunrigebh@kickstarter.com,Female,249.44.224.118,Brazil,31
415,Mordecai,Garza,mgarzabi@opera.com,Male,82.19.89.220,Ukraine,38
416,Derk,Brambley,dbrambleybj@icq.com,Male,162.234.95.2,Poland,27
417,Carey,Brunton,cbruntonbk@sciencedaily.com,Male,81.55.103.140,United States,51
418,Mabelle,Jantzen,mjantzenbl@yellowbook.com,Female,87.24.87.188,Portugal,12
419,Nealon,Lanaway,nlanawaybm@gnu.org,Male,81.177.8.204,China,23
420,Robbi,Caslin,rcaslinbn@sitemeter.com,Female,91.116.35.238,Honduras,36
421,Xena,Mateiko,xmateikobo@dailymail.co.uk,Female,116.2.84.38,Indonesia,51
422,Dena,Way,dwaybp@macromedia.com,Female,245.164.216.192,Indonesia,67
423,Chrisy,Woodburne,cwoodburnebq@imgur.com,Male,126.98.242.120,China,77
424,Bryan,Lidyard,blidyardbr@multiply.com,Male,154.51.241.97,Russia,31
425,Lelia,Joiris,ljoirisbs@dailymotion.com,Female,84.155.228.161,China,36
426,Iolanthe,Pote,ipotebt@storify.com,Female,221.108.94.174,Georgia,49
427,Serge,Ewan,sewanbu@cnbc.com,Male,129.170.79.104,Brazil,52
428,Morlee,Delete,mdeletebv@vkontakte.ru,Male,133.174.8.239,China,59
429,Ketty,Sillwood,ksillwoodbw@jigsy.com,Female,63.90.161.13,China,67
430,Nickolai,Andrus,nandrusbx@usnews.com,Male,139.211.251.59,Luxembourg,27
431,Faber,Southon,fsouthonby@ask.com,Male,120.138.163.73,Finland,28
432,Sabina,Gossage,sgossagebz@ucoz.com,Female,45.221.80.215,Russia,68
433,Gonzales,Sicily,gsicilyc0@google.de,Male,188.192.46.170,Sweden,23
434,Robinet,Lambe,rlambec1@irs.gov,Female,29.166.22.231,Ukraine,19
435,Ax,Eborn,aebornc2@mapy.cz,Male,33.49.147.86,Philippines,25
436,Randi,De Mars,rdemarsc3@booking.com,Female,37.69.221.105,Russia,64
437,Lynea,Menzies,lmenziesc4@dyndns.org,Female,35.158.23.49,Brazil,63
438,Dona,Swanston,dswanstonc5@google.com.au,Female,156.87.132.226,Indonesia,26
439,Ivette,Czapla,iczaplac6@opensource.org,Female,14.53.215.110,United States,57
440,Alexandre,Loynes,aloynesc7@surveymonkey.com,Male,54.76.180.254,Russia,68
441,Henrieta,Chesterman,hchestermanc8@histats.com,Female,178.70.163.112,Portugal,14
442,Agnesse,Matsell,amatsellc9@icio.us,Female,12.225.36.133,Russia,26
443,Barry,Gentiry,bgentiryca@time.com,Male,108.41.162.167,Japan,56
444,Waverley,Peachey,wpeacheycb@diigo.com,Male,83.38.134.10,Germany,14
445,Batholomew,Soares,bsoarescc@aol.com,Male,121.16.254.69,Philippines,24
446,Hercules,Read,hreadcd@arizona.edu,Male,217.250.225.163,Indonesia,29
447,Thorn,Claughton,tclaughtonce@sbwire.com,Male,66.120.7.250,Kazakhstan,68
448,Locke,Killingbeck,lkillingbeckcf@columbia.edu,Male,137.46.237.235,Indonesia,68
449,Othella,Theyer,otheyercg@youku.com,Female,247.106.145.151,Poland,27
450,Camila,Macer,cmacerch@arstechnica.com,Female,13.213.68.25,Brazil,56
451,Pegeen,Marney,pmarneyci@microsoft.com,Female,35.191.212.158,Russia,73
452,Marcelo,Batram,mbatramcj@yahoo.com,Male,5.79.51.244,North Korea,47
453,Trever,McElwee,tmcelweeck@geocities.jp,Male,203.207.54.58,Poland,54
454,Lauritz,MacGown,lmacgowncl@meetup.com,Male,90.177.219.222,France,63
455,Olva,Kundert,okundertcm@jugem.jp,Female,86.225.29.232,Denmark,19
456,Ulysses,Genty,ugentycn@taobao.com,Male,109.136.164.48,China,30
457,Amalie,Jayume,ajayumeco@behance.net,Female,24.76.98.227,Malawi,80
458,Deloria,Erie,deriecp@amazon.co.jp,Female,31.170.16.222,United States,37
459,Brigitte,Cowterd,bcowterdcq@plala.or.jp,Female,151.112.245.36,Philippines,44
460,Gavin,Bretelle,gbretellecr@skype.com,Male,187.116.146.145,Russia,60
461,Odella,St Leger,ostlegercs@shutterfly.com,Female,181.225.31.251,Cape Verde,71
462,Carly,Krojn,ckrojnct@xinhuanet.com,Female,110.69.81.117,Argentina,41
463,Abey,Febry,afebrycu@themeforest.net,Male,76.28.235.116,Madagascar,45
464,Ajay,Poulston,apoulstoncv@bloglines.com,Female,25.59.89.44,Jamaica,20
465,Dore,Doble,ddoblecw@wix.com,Male,131.113.47.50,South Korea,14
466,Nickolas,Hatton,nhattoncx@washingtonpost.com,Male,8.19.170.145,Serbia,15
467,Beauregard,Holah,bholahcy@indiatimes.com,Male,19.53.182.66,Canada,21
468,Yvon,Kennerley,ykennerleycz@parallels.com,Male,201.125.254.170,France,26
469,Lanny,Diggle,ldiggled0@microsoft.com,Male,106.138.39.120,Zambia,48
470,Reinald,Timbs,rtimbsd1@paginegialle.it,Male,30.210.21.235,Indonesia,80
471,Dori,Sprigings,dsprigingsd2@vinaora.com,Female,87.182.70.46,Syria,42
472,Bettye,Mennear,bmenneard3@sina.com.cn,Female,208.245.101.53,Brazil,48
473,Torrence,Fewlass,tfewlassd4@i2i.jp,Male,82.100.116.52,Azerbaijan,31
474,Gerianna,Starrs,gstarrsd5@ca.gov,Female,191.232.209.156,Thailand,78
475,Krystal,Treffrey,ktreffreyd6@blog.com,Female,245.220.7.152,China,47
476,Cleavland,MacAleese,cmacaleesed7@nytimes.com,Male,91.215.178.155,China,58
477,Willis,Ekins,wekinsd8@youtu.be,Male,148.27.32.173,Philippines,55
478,Nataniel,Josling,njoslingd9@miibeian.gov.cn,Male,178.241.44.77,Sweden,29
479,Ibrahim,Spleving,isplevingda@altervista.org,Male,124.140.250.90,Russia,76
480,Jemie,Putton,jputtondb@bbc.co.uk,Female,151.41.90.93,Poland,80
481,Laura,McLay,lmclaydc@tamu.edu,Female,235.105.155.69,Ukraine,39
482,Saunders,Postles,spostlesdd@163.com,Male,30.44.222.226,Indonesia,53
483,Zebulen,Dike,zdikede@shop-pro.jp,Male,12.243.152.92,Russia,15
484,Bibby,Rau,braudf@icio.us,Female,26.136.253.230,Taiwan,36
485,Borden,Lavallin,blavallindg@vinaora.com,Male,138.16.104.207,Thailand,36
486,Pia,Bresner,pbresnerdh@booking.com,Female,16.220.151.91,Sweden,50
487,Michail,Ellin,mellindi@fotki.com,Male,89.226.190.203,Indonesia,69
488,Tabbitha,Jacklings,tjacklingsdj@feedburner.com,Female,170.47.0.223,Iran,39
489,Wyatt,Takle,wtakledk@free.fr,Male,190.133.32.220,Bulgaria,18
490,Agnes,Sigert,asigertdl@wunderground.com,Female,191.42.216.93,China,40
491,Neron,Armsden,narmsdendm@goo.ne.jp,Male,250.51.141.174,Indonesia,25
492,Berky,Dumbrill,bdumbrilldn@icio.us,Male,82.112.171.191,Sweden,50
493,Jelene,Radwell,jradwelldo@issuu.com,Female,27.102.71.207,Philippines,70
494,Bastian,Anan,banandp@wsj.com,Male,210.156.145.48,Latvia,60
495,Leontine,Brittoner,lbrittonerdq@vimeo.com,Female,251.54.65.73,Albania,80
496,Melly,Copnar,mcopnardr@telegraph.co.uk,Female,156.214.173.54,United States,43
497,Larissa,Harse,lharseds@comcast.net,Female,14.182.4.215,Saudi Arabia,65
498,Emelen,Cutforth,ecutforthdt@washington.edu,Male,239.165.203.249,China,78
499,Delmor,Downes,ddownesdu@stanford.edu,Male,206.215.141.135,Indonesia,79
500,Rosemonde,Layhe,rlayhedv@techcrunch.com,Female,238.213.119.183,Bulgaria,57
501,Fredek,Vanini,fvaninidw@dedecms.com,Male,147.135.165.208,Sweden,56
502,Minny,Sperling,msperlingdx@edublogs.org,Female,146.154.31.209,Thailand,33
503,Drake,Frosdick,dfrosdickdy@ebay.com,Male,63.35.169.203,Indonesia,76
504,Calhoun,Seilmann,cseilmanndz@ameblo.jp,Male,192.79.162.74,Brazil,78
505,Petey,Ambrois,pambroise0@goodreads.com,Male,26.166.244.106,Brazil,77
506,Coralyn,Sweetlove,csweetlovee1@opera.com,Female,246.83.100.90,Indonesia,43
507,Hunfredo,Portail,hportaile2@webmd.com,Male,34.245.30.175,France,37
508,Nichole,Molloy,nmolloye3@slate.com,Male,91.50.207.103,China,26
509,Alie,Sherrott,asherrotte4@cnn.com,Female,189.79.126.36,Portugal,11
510,Patricio,Felix,pfelixe5@washington.edu,Male,178.37.253.57,Bulgaria,52
511,Agace,Ellsom,aellsome6@sciencedirect.com,Female,120.19.208.22,Portugal,50
512,Regen,Mulcahy,rmulcahye7@sun.com,Male,94.188.216.247,Netherlands,61
513,Gaylene,Hourstan,ghourstane8@infoseek.co.jp,Female,76.225.236.216,China,20
514,Alexandr,Squelch,asquelche9@tuttocitta.it,Male,252.188.220.252,Norway,62
515,Tanitansy,Shetliff,tshetliffea@comcast.net,Female,238.232.24.222,France,30
516,Alexina,Wolseley,awolseleyeb@baidu.com,Female,168.152.15.70,Mexico,28
517,Beltran,Knighton,bknightonec@domainmarket.com,Male,95.1.125.124,United States,80
518,Bill,Frances,bfrancesed@storify.com,Female,204.206.190.65,Russia,24
519,Irena,Maccaddie,imaccaddieee@chron.com,Female,234.254.72.59,China,66
520,Felix,Tantum,ftantumef@rakuten.co.jp,Male,23.150.137.30,China,30
521,Rozamond,Fairpo,rfairpoeg@icio.us,Female,237.225.208.130,China,68
522,Mallory,Spyby,mspybyeh@cam.ac.uk,Male,231.195.165.193,Philippines,76
523,Hernando,Tate,htateei@google.ru,Male,0.244.236.203,South Korea,18
524,Waiter,Cartmel,wcartmelej@hugedomains.com,Male,156.238.194.93,Benin,40
525,Flossie,Oganesian,foganesianek@businessinsider.com,Female,70.205.87.252,China,67
526,Beale,Olesen,bolesenel@about.me,Male,19.56.33.24,Sweden,74
527,Wilfrid,Baudone,wbaudoneem@forbes.com,Male,105.73.37.40,Brazil,42
528,Celestyna,Bythway,cbythwayen@fda.gov,Female,47.40.254.74,China,17
529,Lion,Shepperd,lshepperdeo@taobao.com,Male,99.235.249.171,Philippines,18
530,Dorice,Hegley,dhegleyep@gravatar.com,Female,194.136.85.154,Thailand,26
531,Hillary,Baybutt,hbaybutteq@topsy.com,Female,88.64.200.25,South Africa,74
532,Katrine,Bardwall,kbardwaller@prnewswire.com,Female,95.229.170.137,Indonesia,41
533,Rickey,Manders,rmanderses@pcworld.com,Male,90.80.172.41,China,23
534,Diannne,Tidswell,dtidswellet@upenn.edu,Female,227.130.171.50,Argentina,55
535,Loralyn,Lough,llougheu@jiathis.com,Female,164.186.5.27,Portugal,78
536,Coral,MacTrustram,cmactrustramev@bluehost.com,Female,137.233.49.235,Jordan,55
537,Clio,Jenteau,cjenteauew@ibm.com,Female,71.203.211.239,Colombia,62
538,Ebony,Janousek,ejanousekex@photobucket.com,Female,94.154.83.2,Sweden,25
539,Patrizius,Cocking,pcockingey@woothemes.com,Male,49.182.10.101,Uruguay,64
540,Dannie,Philbrick,dphilbrickez@elpais.com,Male,47.50.99.63,Vietnam,61
541,Melosa,McBay,mmcbayf0@skyrock.com,Female,164.23.3.140,China,12
542,Moshe,Shrubb,mshrubbf1@aol.com,Male,53.132.107.113,Indonesia,62
543,Javier,Erett,jerettf2@usgs.gov,Male,115.204.17.119,Indonesia,78
544,Jillane,Costan,jcostanf3@springer.com,Female,212.115.35.1,Sweden,27
545,Aristotle,O'Corhane,aocorhanef4@bloomberg.com,Male,14.141.230.124,Guatemala,61
546,Lyndsay,Shuttlewood,lshuttlewoodf5@admin.ch,Female,62.110.228.92,Canada,66
547,Arlin,Tousy,atousyf6@nps.gov,Male,85.64.171.228,China,37
548,Sabine,Burth,sburthf7@mit.edu,Female,227.249.121.107,Kazakhstan,63
549,Rafi,Franzolini,rfranzolinif8@ed.gov,Male,94.68.149.43,Portugal,56
550,Evy,Passe,epassef9@angelfire.com,Female,73.135.59.191,France,14
551,Kellyann,Bunford,kbunfordfa@fema.gov,Female,134.175.6.113,Philippines,65
552,Melamie,Christaeas,mchristaeasfb@jalbum.net,Female,243.209.20.157,Indonesia,55
553,Sven,Watkins,swatkinsfc@g.co,Male,78.193.197.121,Brazil,33
554,Doreen,McDade,dmcdadefd@theglobeandmail.com,Female,20.20.107.173,Russia,17
555,Yolanthe,Carnier,ycarnierfe@hibu.com,Female,220.0.53.31,Philippines,51
556,Janos,Yankin,jyankinff@ocn.ne.jp,Male,1.78.156.214,Philippines,17
557,Isabella,Pentycost,ipentycostfg@shinystat.com,Female,47.24.143.112,Vietnam,73
558,Lennie,Limeburn,llimeburnfh@un.org,Male,153.234.208.156,Portugal,78
559,Lelia,Bowcock,lbowcockfi@ocn.ne.jp,Female,16.138.7.228,China,52
560,Sharlene,Dunn,sdunnfj@ovh.net,Female,222.173.127.77,China,50
561,Broderick,Anniwell,banniwellfk@mozilla.org,Male,97.143.180.74,China,26
562,Davita,Whatman,dwhatmanfl@over-blog.com,Female,74.114.208.163,Papua New Guinea,53
563,Cissiee,Covell,ccovellfm@nytimes.com,Female,99.246.6.214,Japan,48
564,Erskine,Lillgard,elillgardfn@slate.com,Male,146.74.255.98,Brazil,49
565,Helaina,Lartice,hlarticefo@feedburner.com,Female,24.239.35.50,Macedonia,73
566,Gnni,Gethins,ggethinsfp@wix.com,Female,67.175.33.244,Portugal,72
567,Malina,Covotto,mcovottofq@sohu.com,Female,202.152.33.197,Afghanistan,59
568,Neale,Slyford,nslyfordfr@sakura.ne.jp,Male,158.176.185.255,Kenya,49
569,Kyle,Kahan,kkahanfs@sourceforge.net,Male,54.240.254.62,China,51
570,Humberto,Chippindall,hchippindallft@phpbb.com,Male,58.155.48.107,China,36
571,Abbie,Kluge,aklugefu@deliciousdays.com,Female,103.176.201.157,Ukraine,16
572,Free,Stutt,fstuttfv@cyberchimps.com,Male,149.68.117.239,France,61
573,Lindy,Kirk,lkirkfw@goo.gl,Female,203.134.2.134,Indonesia,70
574,Ingelbert,Polly,ipollyfx@wikia.com,Male,136.3.52.74,Latvia,12
575,Sim,Broodes,sbroodesfy@va.gov,Male,199.32.173.176,Afghanistan,12
576,Borden,Keir,bkeirfz@facebook.com,Male,144.188.170.138,United States,79
577,Erich,Malby,emalbyg0@ucoz.ru,Male,32.252.170.224,Portugal,47
578,Lyndsie,Midner,lmidnerg1@ycombinator.com,Female,204.101.248.166,Mexico,30
579,Glendon,Nolleth,gnollethg2@squidoo.com,Male,175.40.61.254,Israel,28
580,Ricki,Shawcross,rshawcrossg3@geocities.com,Female,181.230.67.125,Philippines,41
581,Lalo,Flannigan,lflannigang4@google.com.au,Male,46.42.8.17,Sweden,61
582,Jami,Pringley,jpringleyg5@nasa.gov,Female,32.170.85.134,Philippines,53
583,Aldric,Dartan,adartang6@china.com.cn,Male,188.67.99.35,Portugal,64
584,Evaleen,Burdytt,eburdyttg7@webs.com,Female,137.58.27.54,Luxembourg,12
585,Tracie,Yonnie,tyonnieg8@cdc.gov,Female,91.30.157.222,Luxembourg,62
586,Gweneth,Sweeting,gsweetingg9@sciencedaily.com,Female,39.232.36.10,Sweden,57
587,Sunshine,McDermott-Row,smcdermottrowga@imdb.com,Female,201.187.106.150,Finland,26
588,Dolli,Old,doldgb@guardian.co.uk,Female,228.130.210.15,Greece,34
589,Toddy,Whales,twhalesgc@miibeian.gov.cn,Male,160.224.42.95,Malaysia,40
590,Lyell,Bysaker,lbysakergd@exblog.jp,Male,179.50.101.7,Peru,63
591,Denni,Andreolli,dandreollige@ask.com,Female,208.137.160.98,Indonesia,13
592,Ring,Filoniere,rfilonieregf@uiuc.edu,Male,138.20.112.102,Pakistan,27
593,Nanny,Angelo,nangelogg@nih.gov,Female,245.198.101.74,United States,55
594,Norbie,Tooher,ntoohergh@privacy.gov.au,Male,115.93.131.165,Philippines,79
595,Bard,Westcar,bwestcargi@printfriendly.com,Male,90.119.242.30,Bulgaria,70
596,Lori,Bowcher,lbowchergj@marriott.com,Female,250.181.247.81,Finland,68
597,Hobey,Farrin,hfarringk@marketwatch.com,Male,131.165.94.191,Palau,54
598,Kalie,Kaemena,kkaemenagl@china.com.cn,Female,31.123.170.20,Sweden,33
599,Lowe,Kenewel,lkenewelgm@youtu.be,Male,117.177.102.66,United States,63
600,Chrystel,Casoni,ccasonign@storify.com,Female,154.118.106.206,China,50
601,Orren,Leipoldt,oleipoldtgo@dell.com,Male,238.138.202.27,China,47
602,Laurianne,Cressy,lcressygp@geocities.jp,Female,17.167.244.140,Lebanon,42
603,Carin,Hauxby,chauxbygq@arstechnica.com,Female,50.178.253.82,United States,27
604,Lilas,Toghill,ltoghillgr@shop-pro.jp,Female,53.185.243.86,Poland,55
605,Eustacia,Brugden,ebrugdengs@arstechnica.com,Female,204.11.25.89,Luxembourg,35
606,Devlin,Merrill,dmerrillgt@desdev.cn,Male,107.123.217.118,Brazil,32
607,Zedekiah,Fridd,zfriddgu@cafepress.com,Male,152.13.163.169,China,48
608,Hetty,Esley,hesleygv@nifty.com,Female,142.112.17.58,Indonesia,58
609,Mabelle,Gawthrop,mgawthropgw@jalbum.net,Female,249.152.61.253,Russia,41
610,Gav,Flisher,gflishergx@paypal.com,Male,99.29.145.125,Indonesia,35
611,Peadar,Nashe,pnashegy@desdev.cn,Male,50.244.204.1,Colombia,22
612,Cecil,Kilkenny,ckilkennygz@weather.com,Male,147.200.94.131,Indonesia,67
613,Dyanne,Vear,dvearh0@addthis.com,Female,151.206.76.252,Philippines,19
614,Cindi,Umpleby,cumplebyh1@digg.com,Female,172.91.253.67,Tanzania,36
615,Nevsa,Cosbey,ncosbeyh2@dot.gov,Female,73.238.147.62,Indonesia,66
616,Dorena,Smorfit,dsmorfith3@diigo.com,Female,64.135.66.219,South Georgia and the South Sandwich Islands,46
617,Haze,Bollans,hbollansh4@bravesites.com,Male,9.10.104.94,Philippines,59
618,Kailey,Colliford,kcollifordh5@accuweather.com,Female,45.177.146.114,Philippines,69
619,Candra,Morant,cmoranth6@g.co,Female,33.28.238.96,Peru,57
620,Laurette,Balsom,lbalsomh7@youtu.be,Female,40.176.87.69,Brazil,42
621,Corinna,Armour,carmourh8@seattletimes.com,Female,76.73.84.8,China,73
622,Darlene,Washington,dwashingtonh9@e-recht24.de,Female,57.137.159.111,Zambia,75
623,Maryellen,Pibworth,mpibworthha@fotki.com,Female,45.24.237.115,Ukraine,14
624,Fae,Earry,fearryhb@amazon.com,Female,224.33.147.212,Democratic Republic of the Congo,14
625,Brooks,Renneke,brennekehc@abc.net.au,Female,54.26.219.188,China,55
626,Maybelle,Spreadbury,mspreadburyhd@rediff.com,Female,71.66.114.177,France,11
627,Gonzalo,Trout,gtrouthe@telegraph.co.uk,Male,166.163.180.230,Saudi Arabia,57
628,Murdock,Patington,mpatingtonhf@reverbnation.com,Male,191.37.132.103,Taiwan,29
629,Lezley,Scully,lscullyhg@elpais.com,Male,75.29.232.90,Brazil,60
630,Mervin,Beckingham,mbeckinghamhh@economist.com,Male,68.48.84.233,Greece,50
631,Paddy,Delamaine,pdelamainehi@gravatar.com,Male,58.29.184.193,Indonesia,77
632,Tucky,Danniell,tdanniellhj@issuu.com,Male,151.201.6.122,Canada,68
633,Xenia,Dive,xdivehk@time.com,Female,47.22.179.0,Indonesia,66
634,Desirae,Poel,dpoelhl@infoseek.co.jp,Female,79.101.233.171,Portugal,38
635,Gabriell,Surgison,gsurgisonhm@fc2.com,Female,205.134.57.185,Kazakhstan,28
636,Ede,Yelding,eyeldinghn@so-net.ne.jp,Female,90.151.148.2,Russia,46
637,Marla,Coey,mcoeyho@harvard.edu,Female,3.214.216.197,Sri Lanka,11
638,Locke,Doogood,ldoogoodhp@pagesperso-orange.fr,Male,146.214.48.188,United Kingdom,25
639,Duke,Flanaghan,dflanaghanhq@mayoclinic.com,Male,114.236.44.221,Finland,22
640,Kristina,Culp,kculphr@army.mil,Female,46.161.143.70,Norway,12
641,Gaven,Frankcombe,gfrankcombehs@patch.com,Male,215.9.200.177,Czech Republic,19
642,Quentin,Chancellor,qchancellorht@tripod.com,Male,20.60.41.138,Sweden,79
643,Pauly,Larmuth,plarmuthhu@linkedin.com,Male,199.51.40.193,France,64
644,Camilla,Chevis,cchevishv@posterous.com,Female,114.247.225.188,Russia,15
645,Elisha,Speechley,espeechleyhw@mayoclinic.com,Male,55.162.137.152,United States,21
646,Conroy,Drinkel,cdrinkelhx@desdev.cn,Male,123.230.250.20,China,33
647,Camey,Halworth,chalworthhy@alibaba.com,Male,150.27.137.214,Finland,74
648,Leticia,Banaszkiewicz,lbanaszkiewiczhz@sohu.com,Female,113.21.160.68,Belarus,33
649,Kelley,Georgievski,kgeorgievskii0@i2i.jp,Female,138.172.50.13,Brazil,17
650,Rowland,Maleham,rmalehami1@mit.edu,Male,143.222.204.217,China,15
651,Sula,Eberdt,seberdti2@indiegogo.com,Female,129.47.44.255,Sweden,40
652,Ricardo,Ledram,rledrami3@chicagotribune.com,Male,119.87.37.22,China,27
653,Charla,Vise,cvisei4@hatena.ne.jp,Female,115.147.74.195,Brazil,16
654,Dalenna,Dreakin,ddreakini5@free.fr,Female,170.169.88.97,Portugal,76
655,Carlo,Sinott,csinotti6@discovery.com,Male,109.249.104.234,Israel,21
656,Chadwick,Gamlen,cgamleni7@slideshare.net,Male,71.40.193.60,Belarus,57
657,Alden,Welbelove,awelbelovei8@noaa.gov,Male,155.87.188.142,Mexico,63
658,Avigdor,Tretter,atretteri9@tuttocitta.it,Male,207.61.82.42,Afghanistan,26
659,Blake,Renoden,brenodenia@globo.com,Female,82.177.106.72,Argentina,29
660,Isaiah,Beric,ibericib@pen.io,Male,65.80.181.126,Iraq,33
661,Guglielma,Bilsborrow,gbilsborrowic@ucoz.ru,Female,233.254.66.75,China,68
662,Trstram,Langwade,tlangwadeid@dailymotion.com,Male,43.115.136.9,China,16
663,Cassie,Shortall,cshortallie@w3.org,Female,245.192.32.30,Indonesia,77
664,Hillel,Brixey,hbrixeyif@goodreads.com,Male,0.54.64.179,Nigeria,17
665,Melania,Hassen,mhassenig@harvard.edu,Female,136.231.2.199,Poland,15
666,Aluin,Kopfen,akopfenih@blogtalkradio.com,Male,123.131.84.97,United States,25
667,Andreana,Reyes,areyesii@webnode.com,Female,250.81.224.57,Mauritius,28
668,Muire,Pygott,mpygottij@multiply.com,Female,21.237.4.177,Indonesia,62
669,Randee,Fisbey,rfisbeyik@yahoo.co.jp,Female,193.202.60.96,El Salvador,74
670,Rozanne,Gaine,rgaineil@mail.ru,Female,147.238.232.59,China,69
671,Twila,Woolam,twoolamim@1und1.de,Female,1.121.232.225,Indonesia,18
672,Rikki,Ludgrove,rludgrovein@netscape.com,Female,232.198.180.163,Iran,65
673,Benjy,Brissard,bbrissardio@w3.org,Male,115.247.124.246,Bangladesh,14
674,Vail,Spellacy,vspellacyip@plala.or.jp,Male,33.232.139.180,Sweden,44
675,Gun,Torres,gtorresiq@economist.com,Male,175.78.251.108,Poland,72
676,Dominga,Presley,dpresleyir@wikipedia.org,Female,42.58.89.231,China,11
677,Krystyna,Giaomozzo,kgiaomozzois@hibu.com,Female,146.159.173.104,Finland,18
678,Maurene,Dexter,mdexterit@tmall.com,Female,111.248.12.252,Indonesia,37
679,Ileane,Radford,iradfordiu@sohu.com,Female,57.109.220.186,Philippines,21
680,Antoni,MacKomb,amackombiv@instagram.com,Male,215.19.95.116,China,76
681,Greg,McAirt,gmcairtiw@phpbb.com,Male,92.18.126.1,Bosnia and Herzegovina,42
682,Tessy,Drain,tdrainix@google.com.br,Female,65.98.220.189,Indonesia,39
683,Ezequiel,Labro,elabroiy@dmoz.org,Male,1.174.233.253,Brazil,47
684,Vivie,Gandy,vgandyiz@prlog.org,Female,33.32.91.211,Indonesia,34
685,Arnoldo,Lafflina,alafflinaj0@ft.com,Male,241.155.47.158,Norway,63
686,Cornell,Zapater,czapaterj1@cpanel.net,Male,142.242.204.41,Finland,54
687,Faustina,Kitter,fkitterj2@mail.ru,Female,131.170.193.163,Pakistan,20
688,Hanson,Rankmore,hrankmorej3@china.com.cn,Male,152.40.156.20,United States,52
689,Bevan,Wallicker,bwallickerj4@cargocollective.com,Male,146.243.185.150,China,55
690,Ginnifer,McKew,gmckewj5@psu.edu,Female,45.149.25.208,Uzbekistan,13
691,Vivi,Gay,vgayj6@netlog.com,Female,62.236.156.112,Philippines,38
692,Kathe,Lavallin,klavallinj7@ifeng.com,Female,121.25.130.127,Russia,27
693,Ann-marie,Brailsford,abrailsfordj8@baidu.com,Female,217.155.177.189,China,20
694,Sheffy,Hairesnape,shairesnapej9@ow.ly,Male,21.67.81.224,Tunisia,16
695,Colin,Hughlin,chughlinja@oakley.com,Male,188.101.116.95,Ukraine,65
696,Avrom,Gendricke,agendrickejb@tiny.cc,Male,83.64.97.147,Brazil,11
697,Chrissy,Brayfield,cbrayfieldjc@icio.us,Female,199.221.251.12,Cuba,24
698,Barnett,McCahill,bmccahilljd@mozilla.org,Male,241.236.31.217,Chad,33
699,Kent,Novic,knovicje@netlog.com,Male,213.139.9.241,Russia,18
700,Gratiana,Scollick,gscollickjf@csmonitor.com,Female,104.206.11.101,Kenya,80
701,Bobinette,Asbery,basberyjg@google.com.hk,Female,57.65.118.89,Indonesia,42
702,Humfrid,Mintram,hmintramjh@diigo.com,Male,115.5.41.220,Mexico,44
703,Mahalia,Lettsom,mlettsomji@house.gov,Female,29.125.227.242,Burkina Faso,80
704,Ruth,Karpmann,rkarpmannjj@mediafire.com,Female,134.210.42.110,Russia,15
705,Terrence,Dudden,tduddenjk@sfgate.com,Male,196.60.164.81,Czech Republic,75
706,Bentley,Timmes,btimmesjl@fc2.com,Male,202.61.135.48,Poland,25
707,Reynold,Vasilyevski,rvasilyevskijm@pcworld.com,Male,135.88.24.63,Ukraine,66
708,Scarface,Sabati,ssabatijn@chronoengine.com,Male,5.208.215.197,China,47
709,Cathrin,Lochran,clochranjo@umn.edu,Female,196.74.221.57,Indonesia,42
710,Brewster,Lindop,blindopjp@apache.org,Male,36.107.138.198,Indonesia,79
711,Gar,Handrock,ghandrockjq@weebly.com,Male,239.44.229.207,Colombia,68
712,Caty,Asp,caspjr@artisteer.com,Female,152.8.36.131,Bulgaria,44
713,Nobie,Trapp,ntrappjs@sun.com,Male,219.197.228.58,Sweden,36
714,Johnette,Maryman,jmarymanjt@sciencedaily.com,Female,80.248.197.63,China,57
715,Griffy,Wheelwright,gwheelwrightju@exblog.jp,Male,248.85.211.204,Indonesia,33
716,Cart,Hudd,chuddjv@nbcnews.com,Male,140.62.35.126,Thailand,20
717,Trevor,Stodit,tstoditjw@techcrunch.com,Male,78.140.173.91,Poland,48
718,Thomasine,Cuttell,tcuttelljx@elpais.com,Female,119.30.144.159,Brazil,69
719,Adrienne,Pardi,apardijy@wiley.com,Female,8.202.19.3,Uruguay,24
720,Armand,Gutch,agutchjz@ucsd.edu,Male,56.127.251.93,China,46
721,Roxy,Bentley,rbentleyk0@linkedin.com,Female,52.241.190.228,United States,34
722,Lenette,Pierce,lpiercek1@pinterest.com,Female,146.237.156.243,Sweden,75
723,Pooh,Wrotchford,pwrotchfordk2@stanford.edu,Male,110.192.21.200,Indonesia,73
724,Inglis,Signoret,isignoretk3@ucla.edu,Male,198.190.180.184,South Korea,57
725,Karim,Bishell,kbishellk4@myspace.com,Male,104.175.230.61,Russia,21
726,Gar,Varcoe,gvarcoek5@freewebs.com,Male,97.158.199.212,Japan,63
727,Benoit,Fahrenbach,bfahrenbachk6@tamu.edu,Male,222.148.233.156,Canada,57
728,Dodi,Filinkov,dfilinkovk7@indiatimes.com,Female,39.179.158.171,Bangladesh,28
729,Thor,Puddan,tpuddank8@harvard.edu,Male,42.100.186.175,Honduras,35
730,Gilda,Lamartine,glamartinek9@discovery.com,Female,177.163.181.225,Nepal,15
731,Darrelle,Ravillas,dravillaska@apple.com,Female,16.222.2.182,China,15
732,Kyrstin,Priscott,kpriscottkb@biglobe.ne.jp,Female,99.168.220.159,Spain,20
733,Nikaniki,Snashall,nsnashallkc@va.gov,Female,11.186.8.34,Palestinian Territory,21
734,Roxanne,Hughson,rhughsonkd@blogger.com,Female,165.244.96.83,Svalbard and Jan Mayen,40
735,Krisha,Rawkesby,krawkesbyke@forbes.com,Male,32.186.124.46,France,48
736,Ban,Whiteoak,bwhiteoakkf@aboutads.info,Male,52.250.55.71,Brazil,64
737,Petronia,McConway,pmcconwaykg@networkadvertising.org,Female,15.216.228.97,Argentina,38
738,Cecelia,Flaverty,cflavertykh@dailymotion.com,Female,111.129.113.170,Poland,25
739,Dale,Lannon,dlannonki@sfgate.com,Male,55.208.203.92,Poland,18
740,Horace,Oen,hoenkj@wikimedia.org,Male,35.83.3.136,Russia,62
741,Dorelle,Foxcroft,dfoxcroftkk@friendfeed.com,Female,141.30.49.33,Indonesia,60
742,Joy,Defond,jdefondkl@google.nl,Female,133.101.33.62,China,58
743,Casandra,Lougheid,clougheidkm@trellian.com,Female,6.20.84.46,Croatia,36
744,Mariellen,Dyerson,mdyersonkn@naver.com,Female,187.36.213.99,Jamaica,11
745,Arlin,Piser,apiserko@is.gd,Male,254.244.63.140,China,46
746,Jonathon,Crutchfield,jcrutchfieldkp@springer.com,Male,55.145.168.221,Chile,22
747,Tony,Manclark,tmanclarkkq@foxnews.com,Male,118.32.127.151,Philippines,44
748,Jesus,Hyde,jhydekr@icio.us,Male,170.119.90.2,Canada,61
749,Wilt,Pevie,wpevieks@dagondesign.com,Male,16.93.159.69,Indonesia,28
750,Lock,Carruthers,lcarrutherskt@deliciousdays.com,Male,235.242.120.1,Indonesia,31
751,Odella,Baxstare,obaxstareku@spiegel.de,Female,7.23.63.7,Russia,29
752,Sergei,Caldecutt,scaldecuttkv@harvard.edu,Male,8.74.246.92,Russia,49
753,Glyn,Goldwater,ggoldwaterkw@addthis.com,Male,198.136.47.165,Czech Republic,35
754,Ethelin,O'Ruane,eoruanekx@vkontakte.ru,Female,200.69.150.165,Russia,56
755,Wait,Luck,wluckky@biblegateway.com,Male,225.88.18.21,Philippines,74
756,Dietrich,Basilone,dbasilonekz@nyu.edu,Male,216.197.61.71,Indonesia,71
757,Rogerio,Bretherton,rbrethertonl0@live.com,Male,242.60.227.160,South Africa,37
758,Denney,Boat,dboatl1@smugmug.com,Male,69.100.183.60,Greece,80
759,Fallon,Whytock,fwhytockl2@instagram.com,Female,201.179.211.191,Indonesia,42
760,Son,Coole,scoolel3@taobao.com,Male,54.46.130.162,Iran,34
761,Abbe,Gianni,agiannil4@macromedia.com,Male,225.225.182.102,Lesotho,42
762,Latrena,Harcarse,lharcarsel5@ox.ac.uk,Female,65.160.45.247,Greece,77
763,Ania,Wilcott,awilcottl6@twitter.com,Female,87.218.117.22,Ukraine,38
764,Elsi,Murrum,emurruml7@twitter.com,Female,229.7.34.221,China,42
765,Rosalinde,Debnam,rdebnaml8@jalbum.net,Female,113.233.154.222,Russia,62
766,Caro,Vidloc,cvidlocl9@dropbox.com,Female,16.193.24.124,Tanzania,41
767,Aldrich,Tingle,atinglela@1688.com,Male,187.150.88.244,Mexico,50
768,Reidar,Preddy,rpreddylb@amazon.co.jp,Male,73.248.43.71,Saudi Arabia,33
769,Claire,Highton,chightonlc@list-manage.com,Male,61.8.21.122,Brazil,66
770,Andrej,Halksworth,ahalksworthld@patch.com,Male,51.137.249.21,China,41
771,Ashla,Passe,apassele@youtu.be,Female,138.46.239.188,China,29
772,Archaimbaud,Dulling,adullinglf@angelfire.com,Male,72.222.224.58,Indonesia,26
773,Jeff,Gaven,jgavenlg@fda.gov,Male,105.87.138.26,Indonesia,53
774,Brien,Ramage,bramagelh@bbb.org,Male,78.20.2.44,Russia,21
775,Archer,Bru,abruli@apple.com,Male,126.135.235.192,Costa Rica,29
776,Jasmine,Maden,jmadenlj@wikimedia.org,Female,87.55.51.172,Russia,77
777,Luciano,Fergie,lfergielk@i2i.jp,Male,221.78.176.76,Burkina Faso,29
778,Tallie,Clynmans,tclynmansll@sourceforge.net,Male,65.80.214.139,Portugal,14
779,Griff,Erdes,gerdeslm@ow.ly,Male,235.191.190.158,Saudi Arabia,51
780,Iago,Abramamov,iabramamovln@nytimes.com,Male,233.202.211.178,China,56
781,Skippy,Cluckie,scluckielo@wsj.com,Male,35.180.89.11,Colombia,30
782,Farly,Coultard,fcoultardlp@weibo.com,Male,136.252.86.229,China,12
783,Loretta,Syvret,lsyvretlq@hugedomains.com,Female,233.114.204.83,Russia,64
784,Roxine,Greenhalf,rgreenhalflr@dedecms.com,Female,158.9.170.29,Indonesia,58
785,Bea,Kilby,bkilbyls@posterous.com,Female,252.152.123.14,China,26
786,Gun,Deamer,gdeamerlt@soup.io,Male,8.212.91.207,China,61
787,Raimund,Eskriet,reskrietlu@huffingtonpost.com,Male,98.194.207.143,China,55
788,Florance,Artist,fartistlv@usda.gov,Female,147.216.252.139,Czech Republic,53
789,Ansley,Godbold,agodboldlw@npr.org,Female,213.176.202.83,United States,24
790,Tymothy,Kinrade,tkinradelx@senate.gov,Male,164.82.48.191,Poland,59
791,Roland,Howton,rhowtonly@seesaa.net,Male,149.175.136.212,Brazil,56
792,Saree,Cristou,scristoulz@amazonaws.com,Female,251.190.132.186,Indonesia,62
793,Benedicta,Kislingbury,bkislingburym0@vk.com,Female,186.235.29.72,Russia,41
794,Ali,Halpen,ahalpenm1@unc.edu,Male,227.80.144.214,South Sudan,19
795,Wayne,Sear,wsearm2@xinhuanet.com,Male,161.27.38.241,China,23
796,Teriann,Chittie,tchittiem3@wp.com,Female,57.49.142.14,Democratic Republic of the Congo,75
797,Lauritz,Figgen,lfiggenm4@elegantthemes.com,Male,97.243.238.207,Indonesia,68
798,Teodorico,Tapsell,ttapsellm5@nyu.edu,Male,151.72.153.230,Venezuela,26
799,Odelia,Anwell,oanwellm6@cdc.gov,Female,85.173.0.87,Kosovo,26
800,Lorita,Tow,ltowm7@xing.com,Female,27.88.209.172,Brazil,34
801,Tabbitha,Josilowski,tjosilowskim8@amazon.com,Female,5.99.111.177,Finland,33
802,Corrianne,Deeney,cdeeneym9@bizjournals.com,Female,159.133.45.126,China,34
803,Sampson,Patek,spatekma@admin.ch,Male,87.241.15.13,Palestinian Territory,57
804,Bunni,Ashtonhurst,bashtonhurstmb@columbia.edu,Female,35.89.245.242,Venezuela,10
805,Yuma,Van Daalen,yvandaalenmc@dailymail.co.uk,Male,72.40.166.251,Sweden,68
806,Malinde,Swinerd,mswinerdmd@nydailynews.com,Female,117.17.212.137,China,35
807,Linc,Yerbury,lyerburyme@sina.com.cn,Male,242.189.130.237,China,13
808,Madison,Vernham,mvernhammf@hc360.com,Male,29.53.74.18,Greece,75
809,Dallis,Lidgard,dlidgardmg@twitpic.com,Male,102.207.62.250,Russia,45
810,Cobb,Paullin,cpaullinmh@spotify.com,Male,3.73.168.75,Philippines,65
811,Yolande,Donaghy,ydonaghymi@spotify.com,Female,230.60.87.227,Portugal,49
812,Boony,Pearl,bpearlmj@gravatar.com,Male,247.47.81.227,Norway,24
813,Alister,Blaisdale,ablaisdalemk@engadget.com,Male,85.247.234.226,Syria,46
814,Tirrell,Tripett,ttripettml@fema.gov,Male,158.193.111.186,China,68
815,Lottie,Bredbury,lbredburymm@yahoo.co.jp,Female,28.62.186.155,Indonesia,14
816,Dulsea,Kilalea,dkilaleamn@reuters.com,Female,78.149.186.46,France,10
817,Iggy,Hannabus,ihannabusmo@shinystat.com,Male,14.41.62.129,Russia,67
818,Fanya,Caswell,fcaswellmp@angelfire.com,Female,26.117.47.75,Gambia,27
819,Florance,Lorek,florekmq@amazonaws.com,Female,170.225.146.74,Nigeria,26
820,Reeba,Caudwell,rcaudwellmr@skyrock.com,Female,149.146.241.7,United Kingdom,11
821,Sherrie,Keller,skellerms@washingtonpost.com,Female,246.190.58.189,Poland,44
822,Etienne,Priestley,epriestleymt@opensource.org,Male,9.102.12.101,Venezuela,10
823,Trude,Du Pre,tdupremu@ibm.com,Female,242.11.61.57,United States,63
824,Jayson,Dutt,jduttmv@biblegateway.com,Male,160.30.37.254,China,17
825,Merna,MacNeish,mmacneishmw@statcounter.com,Female,198.29.162.202,Albania,27
826,Roxane,Gunthorp,rgunthorpmx@microsoft.com,Female,83.56.225.178,Philippines,36
827,Giavani,Nelhams,gnelhamsmy@addtoany.com,Male,167.178.55.219,Argentina,80
828,Randell,Fanton,rfantonmz@soundcloud.com,Male,54.17.123.7,China,14
829,Sheffield,Goulborne,sgoulbornen0@reference.com,Male,40.94.113.106,Greece,77
830,Hatti,Payle,hpaylen1@paginegialle.it,Female,226.12.193.23,Sweden,42
831,Dewitt,Arpino,darpinon2@themeforest.net,Male,82.38.43.182,Sweden,40
832,Gustave,O'Scanlan,goscanlann3@amazon.co.uk,Male,106.249.255.120,Russia,73
833,Arny,Liddyard,aliddyardn4@taobao.com,Male,110.133.254.53,Indonesia,59
834,Ellary,Hairsine,ehairsinen5@usa.gov,Male,147.196.159.209,Philippines,69
835,Jeddy,Golthorpp,jgolthorppn6@yale.edu,Male,118.50.101.133,Nigeria,25
836,Roana,Klulisek,rklulisekn7@hao123.com,Female,3.76.106.121,Portugal,40
837,Francois,Dooman,fdoomann8@vimeo.com,Male,209.7.63.35,Brazil,10
838,Janot,Checcucci,jcheccuccin9@blogs.com,Female,114.70.19.201,Czech Republic,33
839,Mora,Standing,mstandingna@marketwatch.com,Female,70.138.150.193,Brazil,54
840,Kalina,Weightman,kweightmannb@imageshack.us,Female,108.113.223.212,Poland,50
841,Robinetta,Pottery,rpotterync@photobucket.com,Female,59.201.201.58,Russia,70
842,Robin,Harcombe,rharcombend@gmpg.org,Male,113.13.125.190,Nigeria,73
843,Milt,Ondrasek,mondrasekne@yandex.ru,Male,192.248.229.172,Colombia,58
844,Sharon,Pearmain,spearmainnf@last.fm,Female,250.58.13.246,Turkmenistan,46
845,Dulcy,Horwell,dhorwellng@domainmarket.com,Female,213.244.133.30,South Africa,79
846,Renell,Rawlins,rrawlinsnh@phoca.cz,Female,31.131.190.225,Israel,35
847,Eldon,Morley,emorleyni@mozilla.com,Male,235.189.162.233,Maldives,41
848,Inness,Searl,isearlnj@foxnews.com,Male,249.130.43.70,Jamaica,30
849,Buddy,Letessier,bletessiernk@meetup.com,Male,7.11.208.154,Colombia,72
850,Idalina,Wickens,iwickensnl@discuz.net,Female,20.21.174.64,China,56
851,Alberik,Mullin,amullinnm@nyu.edu,Male,16.227.97.38,United States,38
852,Lexi,Asee,laseenn@earthlink.net,Female,68.144.147.255,China,64
853,Karlen,Beazleigh,kbeazleighno@163.com,Female,37.60.152.80,Mexico,59
854,Pierce,Ragot,pragotnp@samsung.com,Male,60.219.74.26,Indonesia,53
855,Hana,Ruby,hrubynq@diigo.com,Female,230.191.11.119,Indonesia,10
856,Alexandr,Trayton,atraytonnr@bbc.co.uk,Male,144.161.103.97,Portugal,59
857,Janot,McTurk,jmcturkns@mtv.com,Female,175.202.76.232,El Salvador,64
858,Murdock,Lockart,mlockartnt@list-manage.com,Male,250.149.57.133,China,40
859,Ricki,Burgane,rburganenu@discovery.com,Female,15.75.211.190,Finland,74
860,Winni,Cosbey,wcosbeynv@ucla.edu,Female,237.61.214.56,Thailand,54
861,Christel,Frift,cfriftnw@wikispaces.com,Female,187.122.51.99,Brazil,45
862,Margarette,Brugger,mbruggernx@exblog.jp,Female,90.33.186.203,Philippines,22
863,Joete,Amburgy,jamburgyny@booking.com,Female,101.82.195.67,Indonesia,56
864,Arty,Castelluzzi,acastelluzzinz@upenn.edu,Male,188.130.207.190,China,18
865,Urbain,Coonihan,ucoonihano0@blogs.com,Male,158.25.31.148,Indonesia,13
866,Sonny,Stickney,sstickneyo1@skype.com,Female,20.90.24.252,Japan,30
867,Oneida,Josskoviz,ojosskovizo2@zdnet.com,Female,85.236.149.9,Venezuela,18
868,Markos,Faulkener,mfaulkenero3@squidoo.com,Male,23.103.217.147,Brazil,40
869,Lenora,Wardroper,lwardropero4@xinhuanet.com,Female,167.233.54.132,China,64
870,Ginni,Waterland,gwaterlando5@netscape.com,Female,230.17.241.97,Czech Republic,55
871,Olivero,Newborn,onewborno6@yelp.com,Male,185.55.239.71,Philippines,69
872,Gerard,Jimes,gjimeso7@fda.gov,Male,191.123.211.60,Russia,40
873,Margy,Adrienne,madrienneo8@quantcast.com,Female,31.99.6.254,Poland,51
874,Humfrey,Wais,hwaiso9@timesonline.co.uk,Male,127.228.37.135,Slovenia,35
875,Pepita,O' Mullane,pomullaneoa@163.com,Female,162.169.144.20,Philippines,18
876,Malissa,Leynagh,mleynaghob@cam.ac.uk,Female,85.218.142.152,Poland,64
877,Trude,Tie,ttieoc@yandex.ru,Female,122.59.23.145,Philippines,76
878,Tamas,d'Arcy,tdarcyod@goo.gl,Male,228.52.189.76,Argentina,74
879,Ofelia,Dominico,odominicooe@yellowpages.com,Female,59.189.29.146,China,56
880,Veronike,Nellis,vnellisof@netlog.com,Female,170.112.243.82,Malawi,38
881,Zerk,Anchor,zanchorog@boston.com,Male,44.148.163.189,Argentina,27
882,Davidde,Shiels,dshielsoh@diigo.com,Male,229.176.150.161,Indonesia,72
883,Raquel,Bridle,rbridleoi@ocn.ne.jp,Female,226.166.255.210,France,34
884,Filmer,Kettow,fkettowoj@trellian.com,Male,65.135.144.151,Armenia,62
885,Fabian,Emmett,femmettok@phpbb.com,Male,202.145.110.135,Bangladesh,36
886,Martha,Clausson,mclaussonol@wufoo.com,Female,116.75.26.241,Ukraine,49
887,Dov,Irving,dirvingom@printfriendly.com,Male,194.115.35.174,Philippines,63
888,Inez,Uzzell,iuzzellon@histats.com,Female,247.106.182.122,Dominican Republic,35
889,Meade,Skirven,mskirvenoo@friendfeed.com,Male,134.244.22.234,Brazil,57
890,Lionel,Whitten,lwhittenop@weather.com,Male,28.190.50.58,Indonesia,56
891,Gustav,Jesty,gjestyoq@tiny.cc,Male,200.23.245.169,Indonesia,41
892,Mala,Pine,mpineor@wordpress.org,Female,51.186.86.120,Czech Republic,25
893,Earl,Enns,eennsos@quantcast.com,Male,139.242.43.187,Uganda,66
894,Feodora,Myers,fmyersot@weebly.com,Female,96.213.81.178,Russia,79
895,Shannon,Yancey,syanceyou@sourceforge.net,Male,98.117.146.249,China,25
896,Danny,Mitro,dmitroov@samsung.com,Female,114.188.135.115,Poland,20
897,Porter,Bayston,pbaystonow@youku.com,Male,85.194.173.37,France,19
898,Sharity,Scorrer,sscorrerox@ycombinator.com,Female,212.92.161.134,Iran,21
899,Freeland,Hallowell,fhallowelloy@linkedin.com,Male,82.79.72.34,Brazil,16
900,Gran,Lukacs,glukacsoz@washingtonpost.com,Male,99.208.247.34,France,30
901,Myra,Backhurst,mbackhurstp0@sogou.com,Female,104.153.162.41,United States,28
902,Elmer,Tramel,etramelp1@auda.org.au,Male,219.30.243.100,China,30
903,Carny,Banasevich,cbanasevichp2@twitter.com,Male,122.168.47.1,Philippines,36
904,Gaby,Perfitt,gperfittp3@jalbum.net,Male,120.78.14.17,Syria,19
905,Joey,Goulbourne,jgoulbournep4@howstuffworks.com,Male,12.158.174.50,Venezuela,14
906,Marget,Oldknow,moldknowp5@cnbc.com,Female,128.114.253.228,Japan,58
907,Augusto,Sproule,asproulep6@prnewswire.com,Male,84.219.57.8,Philippines,72
908,Roi,Pozer,rpozerp7@clickbank.net,Male,229.130.176.56,Mexico,23
909,Thorstein,Licciardo,tlicciardop8@w3.org,Male,4.27.54.98,Indonesia,17
910,Doro,Blatcher,dblatcherp9@webmd.com,Female,207.9.117.209,Finland,35
911,Myrtice,Wile,mwilepa@feedburner.com,Female,22.165.177.31,China,24
912,Laural,Bernadon,lbernadonpb@surveymonkey.com,Female,145.70.28.252,Russia,15
913,Gibby,Marshland,gmarshlandpc@adobe.com,Male,61.162.2.241,China,14
914,Arel,Shory,ashorypd@who.int,Male,75.26.36.128,Canada,56
915,Florenza,Glashby,fglashbype@themeforest.net,Female,41.193.101.168,China,31
916,Theodoric,Pach,tpachpf@shop-pro.jp,Male,243.176.137.252,Japan,62
917,Rubina,Tomsen,rtomsenpg@uiuc.edu,Female,49.145.76.159,Indonesia,55
918,Yolanthe,Tee,yteeph@ezinearticles.com,Female,58.112.218.221,China,55
919,Jemie,Gainsbury,jgainsburypi@state.gov,Female,222.28.74.20,Iran,42
920,Jule,Breeder,jbreederpj@apache.org,Male,40.220.235.207,Greece,52
921,Quinton,Stamper,qstamperpk@toplist.cz,Male,216.237.194.127,Ukraine,43
922,Marinna,Brassington,mbrassingtonpl@nationalgeographic.com,Female,158.77.218.188,Tanzania,46
923,Lance,Durant,ldurantpm@symantec.com,Male,49.161.203.60,Indonesia,77
924,Cyndia,Glazyer,cglazyerpn@vimeo.com,Female,74.136.167.78,Norway,25
925,Milissent,Di Baudi,mdibaudipo@xinhuanet.com,Female,121.251.246.157,Brazil,21
926,Koren,Gowan,kgowanpp@archive.org,Female,109.6.175.231,Malaysia,19
927,Nikolos,Bernardet,nbernardetpq@vimeo.com,Male,100.105.107.131,China,39
928,Sumner,Mastrantone,smastrantonepr@macromedia.com,Male,155.176.65.11,China,39
929,Curt,Shipperbottom,cshipperbottomps@myspace.com,Male,153.134.150.1,China,71
930,Arty,O'Connolly,aoconnollypt@cbslocal.com,Male,174.112.141.255,South Korea,53
931,North,Matisoff,nmatisoffpu@joomla.org,Male,226.50.31.247,China,26
932,Adan,Diffley,adiffleypv@dion.ne.jp,Male,83.105.117.139,Canada,21
933,Melessa,Dundridge,mdundridgepw@domainmarket.com,Female,173.54.141.220,Myanmar,71
934,Kennedy,Fasler,kfaslerpx@istockphoto.com,Male,13.148.236.78,Jamaica,64
935,Deane,Bleakman,dbleakmanpy@accuweather.com,Male,22.62.225.180,Georgia,10
936,Merci,Philipsohn,mphilipsohnpz@ucoz.ru,Female,176.87.121.177,Brazil,58
937,Buddie,Riding,bridingq0@bloglovin.com,Male,50.72.107.18,Myanmar,57
938,Alejandra,Gile,agileq1@theatlantic.com,Female,65.166.84.176,France,34
939,Lydia,Harness,lharnessq2@jimdo.com,Female,77.65.132.132,Sweden,29
940,Arabella,Hexter,ahexterq3@bbb.org,Female,128.5.38.171,Russia,73
941,Haywood,Newhouse,hnewhouseq4@dion.ne.jp,Male,8.99.62.189,Malaysia,40
942,Agatha,Farloe,afarloeq5@wikipedia.org,Female,23.198.233.67,China,41
943,Celesta,Twamley,ctwamleyq6@newsvine.com,Female,104.233.146.211,Russia,21
944,Kandace,MacRannell,kmacrannellq7@msn.com,Female,111.118.1.33,Poland,13
945,Nicolina,Sherratt,nsherrattq8@imdb.com,Female,98.27.96.200,Uzbekistan,23
946,Caldwell,Hallex,challexq9@hubpages.com,Male,117.177.129.179,Philippines,46
947,Olin,Dodworth,ododworthqa@aol.com,Male,32.124.4.82,Colombia,29
948,Marlow,Goulbourn,mgoulbournqb@bbc.co.uk,Male,11.137.238.188,China,54
949,Juline,Colqueran,jcolqueranqc@columbia.edu,Female,243.129.222.125,Belarus,44
950,Raine,Wolters,rwoltersqd@cnn.com,Female,248.163.45.133,Vietnam,25
951,Reba,Rous,rrousqe@tmall.com,Female,208.11.197.13,Albania,70
952,Gregorio,Higford,ghigfordqf@mapy.cz,Male,132.216.194.109,Indonesia,55
953,Lotty,Stobbs,lstobbsqg@google.com.hk,Female,171.70.126.39,China,24
954,Rebecca,Brewse,rbrewseqh@wikimedia.org,Female,246.134.129.54,Philippines,45
955,Oneida,Tottle,otottleqi@aboutads.info,Female,198.223.47.98,Cuba,45
956,Lindsey,Rowland,lrowlandqj@weebly.com,Male,138.152.9.30,Philippines,23
957,Katalin,Henner,khennerqk@europa.eu,Female,130.151.106.125,Russia,66
958,Wynny,De Simone,wdesimoneql@istockphoto.com,Female,36.159.63.166,Russia,50
959,Malcolm,Doman,mdomanqm@squidoo.com,Male,172.104.187.98,Vietnam,25
960,Malissia,Gorghetto,mgorghettoqn@paginegialle.it,Female,27.131.94.8,Russia,10
961,Modesta,Lambertazzi,mlambertazziqo@pen.io,Female,217.138.213.103,Poland,23
962,Emmit,Drissell,edrissellqp@slate.com,Male,105.140.84.193,Bolivia,36
963,Lucita,Hartles,lhartlesqq@mozilla.com,Female,147.72.224.248,China,67
964,Garey,Cattermoul,gcattermoulqr@cnet.com,Male,201.78.198.36,Bangladesh,77
965,Dall,Lafaye,dlafayeqs@washington.edu,Male,186.3.32.254,China,13
966,Rodney,Beaney,rbeaneyqt@nhs.uk,Male,76.165.42.32,Indonesia,45
967,Wanids,Crickmore,wcrickmorequ@ycombinator.com,Female,75.26.164.174,France,80
968,Rickey,Aysik,raysikqv@cafepress.com,Male,90.47.122.210,Honduras,78
969,Odessa,Bonas,obonasqw@oakley.com,Female,191.254.28.63,France,68
970,Briggs,Jimes,bjimesqx@networksolutions.com,Male,53.34.114.77,Indonesia,44
971,Anna-diana,Nys,anysqy@latimes.com,Female,20.40.4.159,Latvia,23
972,Kenon,Dipple,kdippleqz@friendfeed.com,Male,252.172.204.208,China,34
973,Lorelle,McColl,lmccollr0@yelp.com,Female,200.29.5.25,China,70
974,Phip,Luckie,pluckier1@360.cn,Male,196.73.94.62,France,11
975,Domenic,Mordon,dmordonr2@theguardian.com,Male,54.19.242.63,Russia,45
976,Corinne,Kay,ckayr3@vistaprint.com,Female,84.162.168.131,China,68
977,Aldric,Scutter,ascutterr4@deviantart.com,Male,128.45.105.207,Brazil,46
978,Flossy,Petyt,fpetytr5@deviantart.com,Female,174.240.188.112,China,58
979,Paulina,Neathway,pneathwayr6@twitter.com,Female,105.96.252.74,Sweden,38
980,Marge,Sallnow,msallnowr7@apache.org,Female,127.62.113.242,Ukraine,65
981,Biddie,Munroe,bmunroer8@shinystat.com,Female,218.206.106.206,Ukraine,35
982,Raul,Coil,rcoilr9@edublogs.org,Male,41.50.64.186,France,36
983,Giacobo,Curphey,gcurpheyra@seesaa.net,Male,224.164.41.125,Russia,37
984,Bart,Kiehl,bkiehlrb@shareasale.com,Male,201.78.181.71,Japan,15
985,Mario,Stitson,mstitsonrc@aboutads.info,Male,191.37.6.190,Russia,13
986,Burgess,Bapty,bbaptyrd@vinaora.com,Male,173.204.42.105,China,19
987,Almeria,Feely,afeelyre@ebay.com,Female,87.64.86.125,Indonesia,15
988,Legra,McGray,lmcgrayrf@google.com.hk,Female,201.10.232.101,China,70
989,Read,Zealy,rzealyrg@hexun.com,Male,93.246.49.51,Philippines,63
990,Taffy,Naismith,tnaismithrh@discovery.com,Female,197.98.207.25,Thailand,72
991,Hersh,Shyres,hshyresri@miibeian.gov.cn,Male,28.248.1.166,Morocco,59
992,Ralina,Heisler,rheislerrj@va.gov,Female,27.122.207.161,Dominican Republic,11
993,Curcio,Crenshaw,ccrenshawrk@wiley.com,Male,209.22.69.20,Mexico,55
994,Micky,Simkins,msimkinsrl@cdc.gov,Male,161.223.33.177,China,60
995,Reinold,Aughton,raughtonrm@timesonline.co.uk,Male,9.215.213.214,Portugal,49
996,Barret,Corby,bcorbyrn@xinhuanet.com,Male,6.195.3.58,Indonesia,70
997,Hillier,Zamudio,hzamudioro@jiathis.com,Male,52.196.51.124,Thailand,43
998,Irina,Broadwell,ibroadwellrp@google.es,Female,216.197.130.108,Brazil,21
999,Niko,Dikes,ndikesrq@howstuffworks.com,Male,72.9.211.20,Nigeria,40
1000,Katlin,Di Filippo,kdifilipporr@list-manage.com,Female,71.175.219.176,Kenya,20
